Year,State,Site,Species,Cultivar,GS.Zadoks,Sampling.date,Block,YIELD.Mg.ha,CP,ADF,aNDF,NDFD48,RFQ
2015,NY,Musgrave,Barley,Verdant,30,5/1/15,Blk1,0.332143522,21.98,19.33,32.89,59.69,187.4677047
2015,NY,Musgrave,Barley,Verdant,31,5/1/15,Blk2,0.265714817,18.3,20.91,34.56,64.52,191.9908338
2015,NY,Musgrave,Barley,Verdant,31,5/1/15,Blk3,0.392030005,22.36,18.38,32.7,67.57,192.0094841
2015,NY,Musgrave,Barley,Verdant,31,5/1/15,Blk4,0.035227343,NA,NA,NA,NA,NA
2015,NY,Musgrave,Barley,Valor,30,5/1/15,Blk1,0.086055367,22.03,19.88,33.5,59.96,189.1385612
2015,NY,Musgrave,Barley,Valor,32,5/1/15,Blk2,0.143425612,24.5,16.42,30.55,57.42,184.7259476
2015,NY,Musgrave,Barley,Valor,31,5/1/15,Blk3,0.038750078,NA,NA,NA,NA,NA
2015,NY,Musgrave,Barley,Valor,31,5/1/15,Blk4,NA,NA,NA,NA,NA,NA
2015,NY,Musgrave,Barley,P919,31,5/1/15,Blk1,0.514822458,21.48,17.76,31.97,64.64,194.7848411
2015,NY,Musgrave,Barley,P919,31,5/1/15,Blk2,0.041769564,20.4,19,31.13,48.66,179.425981
2015,NY,Musgrave,Barley,P919,32,5/1/15,Blk3,0.398572226,22.73,18.28,34.51,69.24,192.7410096
2015,NY,Musgrave,Barley,P919,31,5/1/15,Blk4,0.084545624,21.2,17.78,30.85,57.83,192.8219518
2015,NY,Musgrave,Barley,Thoroughbred,31,5/1/15,Blk1,0.155503558,20.66,19.71,33.81,61.58,186.6319062
2015,NY,Musgrave,Barley,Thoroughbred,31,5/1/15,Blk2,0.359822148,22.36,18.45,33.13,65.14,186.665878
2015,NY,Musgrave,Barley,Thoroughbred,31,5/1/15,Blk3,0.082532633,21.17,18.53,31.55,58.38,186.1054238
2015,NY,Musgrave,Barley,Thoroughbred,31,5/1/15,Blk4,0.341201981,21,19.22,33.16,66.97,196.8205731
2015,NY,Musgrave,Cereal.rye,Huron,31,5/1/15,Blk1,0.536462112,21.67,21.31,40.04,69.67,193.0299247
2015,NY,Musgrave,Cereal.rye,Huron,32,5/1/15,Blk2,0.550553049,19.1,22.57,41.73,69.08,193.8577603
2015,NY,Musgrave,Cereal.rye,Huron,32,5/1/15,Blk3,1.283785036,21.65,22.05,42.28,73.9,190.8750165
2015,NY,Musgrave,Cereal.rye,Huron,31,5/1/15,Blk4,0.167078256,19.44,21.65,39.36,66.54,196.5071392
2015,NY,Musgrave,Cereal.rye,Spooner,32,5/1/15,Blk1,0.485634088,19.89,21.36,39.52,72.27,203.2783677
2015,NY,Musgrave,Cereal.rye,Spooner,32,5/1/15,Blk2,0.277289516,21.43,19.91,36.64,67.28,194.0035895
2015,NY,Musgrave,Cereal.rye,Spooner,32,5/1/15,Blk3,0.431786578,16.63,21.98,38.56,66.25,199.1110879
2015,NY,Musgrave,Cereal.rye,Spooner,31,5/1/15,Blk4,0.169091247,20.87,18.18,32.21,58.72,192.2764118
2015,NY,Musgrave,Cereal.rye,Aroostook,32,5/1/15,Blk1,0.699514386,23.31,22.4,41.85,71.97,191.3222796
2015,NY,Musgrave,Cereal.rye,Aroostook,32,5/1/15,Blk2,0.539481599,19.14,23.44,43.16,72.25,203.6031063
2015,NY,Musgrave,Cereal.rye,Aroostook,32,5/1/15,Blk3,0.961706469,20.76,23.63,43.42,69.57,186.3717792
2015,NY,Musgrave,Cereal.rye,Aroostook,32,5/1/15,Blk4,0.413166411,21.41,22.09,40.94,69.03,197.9307711
2015,NY,Musgrave,Cereal.rye,LakeviewVNS,31,5/1/15,Blk1,0.664790291,19.92,20.57,39.13,67.6,198.2625742
2015,NY,Musgrave,Cereal.rye,LakeviewVNS,31,5/1/15,Blk2,0.204821838,20.41,20.35,36.51,63.68,193.4263708
2015,NY,Musgrave,Cereal.rye,LakeviewVNS,32,5/1/15,Blk3,0.519351688,22.47,20.86,39.46,73.09,203.7318193
2015,NY,Musgrave,Cereal.rye,LakeviewVNS,31,5/1/15,Blk4,0.065422209,22.03,19.12,34.77,60.59,190.5768445
2015,NY,Musgrave,Triticale,TriCal815,31,5/1/15,Blk1,1.013037741,18.09,20.83,36.2,71.21,201.9502095
2015,NY,Musgrave,Triticale,TriCal815,31,5/1/15,Blk2,0.203815343,16.13,20.66,32.85,53.82,190.9466103
2015,NY,Musgrave,Triticale,TriCal815,32,5/1/15,Blk3,0.720147545,17.41,22.82,39.04,66.66,190.9632678
2015,NY,Musgrave,Triticale,TriCal815,31,5/1/15,Blk4,0.237532943,17.26,19.68,33.32,58.88,193.1957395
2015,NY,Musgrave,Triticale,TriCal718,31,5/1/15,Blk1,0.296916178,21.61,18.9,34.54,62.66,184.1883048
2015,NY,Musgrave,Triticale,TriCal718,31,5/1/15,Blk2,0.157013301,20.47,19.54,34.72,59.56,178.8589953
2015,NY,Musgrave,Triticale,TriCal718,31,5/1/15,Blk3,0.270747295,17.99,19.77,33.32,57.52,191.9846444
2015,NY,Musgrave,Triticale,TriCal718,31,5/1/15,Blk4,0.223442005,21.4,18.02,32.58,56.91,186.3496114
2015,NY,Musgrave,Triticale,NE426GT,31,5/1/15,Blk1,0.380958554,20.22,19.43,34.4,63.79,195.2216135
2015,NY,Musgrave,Triticale,NE426GT,31,5/1/15,Blk2,0.13939963,19.9,17.77,30.09,49.86,191.8207778
2015,NY,Musgrave,Triticale,NE426GT,32,5/1/15,Blk3,1.483574396,20.5,19.74,36.13,69.68,193.3796262
2015,NY,Musgrave,Triticale,NE426GT,31,5/1/15,Blk4,0.299935665,19.45,18.58,31.98,56.1,187.9914034
2015,NY,Musgrave,Triticale,TriMark099,31,5/1/15,Blk1,0.329124035,18.28,18.36,31.42,58.59,196.8197671
2015,NY,Musgrave,Triticale,TriMark099,31,5/1/15,Blk2,0.242062173,19.16,18.85,32.71,60.22,198.1138458
2015,NY,Musgrave,Triticale,TriMark099,31,5/1/15,Blk3,0.970764929,20.21,19.85,36.32,71.73,201.4983676
2015,NY,Musgrave,Triticale,TriMark099,31,5/1/15,Blk4,0.106688525,18.03,19.69,34.27,57.32,176.2835988
2015,NY,Musgrave,Barley,Verdant,31,5/5/15,Blk1,0.384984536,22.38,19.93,35.83,69.42,194.3240742
2015,NY,Musgrave,Barley,Verdant,31,5/5/15,Blk2,0.442354781,22.55,22.25,42.31,74.09,198.9899209
2015,NY,Musgrave,Barley,Verdant,31,5/5/15,Blk3,0.997940308,21.7,22.56,40.2,74.43,195.6252021
2015,NY,Musgrave,Barley,Verdant,31,5/5/15,Blk4,0.33465976,21.72,21.12,37.73,68.23,193.5489812
2015,NY,Musgrave,Barley,Valor,32,5/5/15,Blk1,0.606916799,26.15,22.22,40.15,74.63,188.8497863
2015,NY,Musgrave,Barley,Valor,32,5/5/15,Blk2,0.801170434,25.04,21.86,40.16,72.71,183.8311912
2015,NY,Musgrave,Barley,Valor,32,5/5/15,Blk3,2.141822467,26.42,23.11,41.37,78.48,188.7221958
2015,NY,Musgrave,Barley,Valor,31,5/5/15,Blk4,0.146948346,22.13,20.4,36.18,66.53,191.556896
2015,NY,Musgrave,Barley,P919,32,5/5/15,Blk1,1.499175077,19.09,22.67,39.7,75.38,202.6993617
2015,NY,Musgrave,Barley,P919,32,5/5/15,Blk2,0.107695021,23.65,20.47,37.23,70.57,200.5245704
2015,NY,Musgrave,Barley,P919,32,5/5/15,Blk3,1.674305298,22.44,21.2,39.01,71.91,193.2314044
2015,NY,Musgrave,Barley,P919,32,5/5/15,Blk4,0.239545934,22.94,20.28,36.95,70.76,198.7296138
2015,NY,Musgrave,Barley,Thoroughbred,32,5/5/15,Blk1,0.311007116,20.52,23.42,39.92,64.59,183.6141454
2015,NY,Musgrave,Barley,Thoroughbred,31,5/5/15,Blk2,0.740780703,25.21,21.87,39.34,69.53,181.0646558
2015,NY,Musgrave,Barley,Thoroughbred,32,5/5/15,Blk3,0.930505108,25.76,20.81,38.16,73.98,187.4874789
2015,NY,Musgrave,Barley,Thoroughbred,32,5/5/15,Blk4,0.433799569,22.18,21.58,38.54,68.9,190.2456055
2015,NY,Musgrave,Cereal.rye,Huron,34,5/5/15,Blk1,1.063865765,20.98,26.67,49.62,78.19,194.2563499
2015,NY,Musgrave,Cereal.rye,Huron,33,5/5/15,Blk2,0.632079187,17.21,26.02,48.02,76.14,202.6239401
2015,NY,Musgrave,Cereal.rye,Huron,33,5/5/15,Blk3,1.854971243,20.48,23.48,45.65,76.98,203.9587622
2015,NY,Musgrave,Cereal.rye,Huron,32,5/5/15,Blk4,0.41568265,20.18,26.66,49.62,80.41,206.6572887
2015,NY,Musgrave,Cereal.rye,Spooner,34,5/5/15,Blk1,0.90081349,18.87,26.68,49.28,77.75,199.9328821
2015,NY,Musgrave,Cereal.rye,Spooner,33,5/5/15,Blk2,1.03568389,21.43,26.28,48.55,77.61,195.0091467
2015,NY,Musgrave,Cereal.rye,Spooner,34,5/5/15,Blk3,1.873088163,18.12,26.63,49.09,79.72,207.095977
2015,NY,Musgrave,Cereal.rye,Spooner,33,5/5/15,Blk4,0.514319211,20.05,23.86,41.46,72.13,193.9619621
2015,NY,Musgrave,Cereal.rye,Aroostook,33,5/5/15,Blk1,1.364807925,21.16,25.93,47.65,76.54,189.6909206
2015,NY,Musgrave,Cereal.rye,Aroostook,34,5/5/15,Blk2,0.889238792,19.52,28.54,51.55,79.76,199.0532568
2015,NY,Musgrave,Cereal.rye,Aroostook,34,5/5/15,Blk3,1.736204772,18.21,28.04,50.01,78.67,196.5308797
2015,NY,Musgrave,Cereal.rye,Aroostook,33,5/5/15,Blk4,1.579191471,19.45,26.93,48.86,77.5,199.2785883
2015,NY,Musgrave,Cereal.rye,LakeviewVNS,34,5/5/15,Blk1,2.27367338,17.61,27.52,51.3,82.18,208.3033639
2015,NY,Musgrave,Cereal.rye,LakeviewVNS,33,5/5/15,Blk2,0.864579652,20.57,24.66,46.87,76.61,197.2922595
2015,NY,Musgrave,Cereal.rye,LakeviewVNS,33,5/5/15,Blk3,1.176593263,22.3,23.43,44.8,75.63,194.8513618
2015,NY,Musgrave,Cereal.rye,LakeviewVNS,32,5/5/15,Blk4,0.537468608,22.23,23.92,46.13,76.97,199.4597722
2015,NY,Musgrave,Triticale,TriCal815,32,5/5/15,Blk1,1.14589515,17.99,23.31,42.27,74.34,205.579818
2015,NY,Musgrave,Triticale,TriCal815,32,5/5/15,Blk2,0.542501085,16.75,23.16,39.34,69.81,200.4914373
2015,NY,Musgrave,Triticale,TriCal815,32,5/5/15,Blk3,2.517748543,17.28,25.68,45.19,73.99,192.3256652
2015,NY,Musgrave,Triticale,TriCal815,31,5/5/15,Blk4,0.858540679,18.56,22.16,38.78,72.57,204.2629123
2015,NY,Musgrave,Triticale,TriCal718,32,5/5/15,Blk1,0.926982374,22.07,23.79,43.44,74.2,189.7116995
2015,NY,Musgrave,Triticale,TriCal718,32,5/5/15,Blk2,0.205325086,20.98,22.17,39.09,69.6,191.6992419
2015,NY,Musgrave,Triticale,TriCal718,32,5/5/15,Blk3,0.746819676,19.73,24.25,42.65,76.93,202.6620945
2015,NY,Musgrave,Triticale,TriCal718,31,5/5/15,Blk4,0.303961647,24.59,22.18,40.77,72.76,193.113446
2015,NY,Musgrave,Triticale,NE426GT,32,5/5/15,Blk1,1.661220856,19.55,24.02,45.74,75.14,198.8220832
2015,NY,Musgrave,Triticale,NE426GT,32,5/5/15,Blk2,1.049774827,21.92,22.83,41.43,74.64,196.615883
2015,NY,Musgrave,Triticale,NE426GT,32,5/5/15,Blk3,1.474012689,20.53,23.02,43.32,70.73,197.0694775
2015,NY,Musgrave,Triticale,NE426GT,32,5/5/15,Blk4,0.800163938,19.5,21.86,40.53,73.24,202.4489978
2015,NY,Musgrave,Triticale,TriMark099,32,5/5/15,Blk1,1.173070529,18.67,23.37,41.95,69.55,191.5982015
2015,NY,Musgrave,Triticale,TriMark099,32,5/5/15,Blk2,0.43581256,18.96,22.77,39.08,69.33,197.0559119
2015,NY,Musgrave,Triticale,TriMark099,32,5/5/15,Blk3,2.110117858,19.83,24.41,44.5,76.27,195.8590219
2015,NY,Musgrave,Triticale,TriMark099,32,5/5/15,Blk4,0.414676154,20.15,21,38.59,69.26,198.2762409
2015,NY,Musgrave,Barley,Verdant,37,5/11/15,Blk1,1.294353239,18.68,28.4,49.04,80.06,193.8279553
2015,NY,Musgrave,Barley,Verdant,37,5/11/15,Blk2,1.682357262,18.7,29.23,49.2,77.76,185.7120534
2015,NY,Musgrave,Barley,Verdant,37,5/11/15,Blk3,1.390473561,16.7,29.66,49.34,82.39,195.1335715
2015,NY,Musgrave,Barley,Verdant,37,5/11/15,Blk4,1.549499853,19.99,28.61,48.57,78.87,187.1484602
2015,NY,Musgrave,Barley,Valor,39,5/11/15,Blk1,1.57717848,18.27,27.43,49.1,77.67,192.3674498
2015,NY,Musgrave,Barley,Valor,39,5/11/15,Blk2,1.028135174,18.03,27.25,49.02,73.44,184.8320128
2015,NY,Musgrave,Barley,Valor,37,5/11/15,Blk3,2.770882167,21.68,27.42,48.82,78.94,187.1144085
2015,NY,Musgrave,Barley,Valor,37,5/11/15,Blk4,1.113687293,20.13,25.99,47.18,81.13,202.2409495
2015,NY,Musgrave,Barley,P919,41,5/11/15,Blk1,2.249517487,16.25,27.35,49.56,78.11,203.4442437
2015,NY,Musgrave,Barley,P919,41,5/11/15,Blk2,1.962163016,16.26,27.63,50.06,78.1,198.2649745
2015,NY,Musgrave,Barley,P919,39,5/11/15,Blk3,2.072374276,19.55,25.79,46.8,76.6,199.553779
2015,NY,Musgrave,Barley,P919,39,5/11/15,Blk4,1.234466755,16.26,25.42,45.72,74.02,201.5851466
2015,NY,Musgrave,Barley,Thoroughbred,39,5/11/15,Blk1,1.567616772,19.59,27.73,48.99,77.24,187.7840821
2015,NY,Musgrave,Barley,Thoroughbred,39,5/11/15,Blk2,1.31649614,18.27,26.83,47.76,76.16,190.590858
2015,NY,Musgrave,Barley,Thoroughbred,37,5/11/15,Blk3,1.303914946,20.19,27.59,48.61,76.15,185.7276685
2015,NY,Musgrave,Barley,Thoroughbred,37,5/11/15,Blk4,0.609433037,17.39,27.96,48.63,79.13,202.3940111
2015,NY,Musgrave,Cereal.rye,Huron,39,5/11/15,Blk1,2.77692114,16.74,32.92,58.87,71.39,165.5238433
2015,NY,Musgrave,Cereal.rye,Huron,39,5/11/15,Blk2,3.895137662,15.81,33.41,60.1,70.93,162.7438424
2015,NY,Musgrave,Cereal.rye,Huron,39,5/11/15,Blk3,4.539294795,17.7,32.56,58.35,73.53,164.3578995
2015,NY,Musgrave,Cereal.rye,Huron,39,5/11/15,Blk4,2.363754729,16.63,31.94,57.45,72.42,169.8590907
2015,NY,Musgrave,Cereal.rye,Spooner,41,5/11/15,Blk1,2.770378919,17.08,32.69,57.88,72.09,167.3787705
2015,NY,Musgrave,Cereal.rye,Spooner,41,5/11/15,Blk2,2.585183743,16.09,34,60.17,69.97,157.2430165
2015,NY,Musgrave,Cereal.rye,Spooner,41,5/11/15,Blk3,3.982199525,15.92,34.06,60.95,71.77,162.8690276
2015,NY,Musgrave,Cereal.rye,Spooner,41,5/11/15,Blk4,2.339598836,17.94,30.24,54.69,73.98,181.1661842
2015,NY,Musgrave,Cereal.rye,Aroostook,53,5/11/15,Blk1,2.962116315,14.43,38.82,65,63.8,131.1952118
2015,NY,Musgrave,Cereal.rye,Aroostook,53,5/11/15,Blk2,3.846825877,14.83,39.12,65.56,62.34,122.7707111
2015,NY,Musgrave,Cereal.rye,Aroostook,53,5/11/15,Blk3,2.538381701,14.91,36.26,62.24,65.77,145.8341961
2015,NY,Musgrave,Cereal.rye,Aroostook,55,5/11/15,Blk4,2.814664722,12.98,37.87,63.94,63.65,138.7895496
2015,NY,Musgrave,Cereal.rye,LakeviewVNS,39,5/11/15,Blk1,2.523787516,17,31.58,58.01,75.08,180.0203463
2015,NY,Musgrave,Cereal.rye,LakeviewVNS,39,5/11/15,Blk2,2.882603169,15.97,33.93,60.47,70.44,156.3653702
2015,NY,Musgrave,Cereal.rye,LakeviewVNS,39,5/11/15,Blk3,5.142688859,18,32.99,58.57,73.91,166.3200168
2015,NY,Musgrave,Cereal.rye,LakeviewVNS,39,5/11/15,Blk4,2.397472329,18.22,30.85,56.35,74.95,177.3134287
2015,NY,Musgrave,Triticale,TriCal815,37,5/11/15,Blk1,2.091497691,18.6,29.41,52.54,77.49,189.4401804
2015,NY,Musgrave,Triticale,TriCal815,37,5/11/15,Blk2,0.911381693,16.45,28.11,50.2,75.95,191.1357292
2015,NY,Musgrave,Triticale,TriCal815,37,5/11/15,Blk3,1.926935673,16.18,29.45,51.83,76.09,189.6663131
2015,NY,Musgrave,Triticale,TriCal815,37,5/11/15,Blk4,1.740230754,15.77,28.16,50.4,74.39,190.9197601
2015,NY,Musgrave,Triticale,TriCal718,37,5/11/15,Blk1,1.487600379,19.12,29.63,52.77,74.07,176.7520098
2015,NY,Musgrave,Triticale,TriCal718,37,5/11/15,Blk2,1.399028773,19.1,29.11,52.46,74.78,174.9371591
2015,NY,Musgrave,Triticale,TriCal718,37,5/11/15,Blk3,2.117163326,18.98,29.94,54.2,74.51,173.9578971
2015,NY,Musgrave,Triticale,TriCal718,37,5/11/15,Blk4,1.220375818,19.89,27.84,50.8,76.88,187.6892681
2015,NY,Musgrave,Triticale,NE426GT,37,5/11/15,Blk1,3.341061879,17.22,31.33,56.53,73.96,176.6528438
2015,NY,Musgrave,Triticale,NE426GT,37,5/11/15,Blk2,2.735151576,18.41,30.1,53.92,73.63,176.2583138
2015,NY,Musgrave,Triticale,NE426GT,37,5/11/15,Blk3,3.34307487,17.87,29.27,53.29,76.8,189.4853694
2015,NY,Musgrave,Triticale,NE426GT,37,5/11/15,Blk4,1.562081047,15.79,28.24,51.42,71.27,184.4706375
2015,NY,Musgrave,Triticale,TriMark099,37,5/11/15,Blk1,1.556545322,17.42,28.01,51.21,77.93,196.802662
2015,NY,Musgrave,Triticale,TriMark099,37,5/11/15,Blk2,1.259125896,17.57,28.77,51.67,75.35,185.8247543
2015,NY,Musgrave,Triticale,TriMark099,37,5/11/15,Blk3,2.724583373,17.63,30.6,54.29,74.17,172.6316592
2015,NY,Musgrave,Triticale,TriMark099,37,5/11/15,Blk4,1.29636623,16.74,28.49,51.7,76.7,191.1411991
2015,NY,Musgrave,Barley,Verdant,37,5/15/15,Blk1,1.423687913,13.89,27.09,44.08,70.46,190.0878003
2015,NY,Musgrave,Barley,Verdant,37,5/15/15,Blk2,2.379858657,15.4,26.93,44.72,81.38,206.9694067
2015,NY,Musgrave,Barley,Verdant,37,5/15/15,Blk3,1.709029393,13.32,28.33,45.82,71.5,187.8583942
2015,NY,Musgrave,Barley,Verdant,37,5/15/15,Blk4,1.724126826,13.22,26.93,43.84,78.38,208.5432316
2015,NY,Musgrave,Barley,Valor,45,5/15/15,Blk1,2.548949904,13.2,29.7,51.48,72.99,184.0613613
2015,NY,Musgrave,Barley,Valor,41,5/15/15,Blk2,2.386904126,14.66,28.61,49.88,75.22,196.2638472
2015,NY,Musgrave,Barley,Valor,37,5/15/15,Blk3,3.798514092,16.52,27.92,48.31,77.82,198.0954495
2015,NY,Musgrave,Barley,Valor,37,5/15/15,Blk4,1.046755341,16.5,25.31,42.91,74.46,197.6950199
2015,NY,Musgrave,Barley,P919,55,5/15/15,Blk1,3.960056623,11.35,30.88,53.13,75.72,193.9209893
2015,NY,Musgrave,Barley,P919,45,5/15/15,Blk2,1.949581822,13.52,25.7,44.49,76.36,209.4352768
2015,NY,Musgrave,Barley,P919,45,5/15/15,Blk3,2.483527696,14.09,27.44,47.84,76.33,201.3686454
2015,NY,Musgrave,Barley,P919,45,5/15/15,Blk4,2.509193331,12.36,26.24,44.75,75.83,205.9142144
2015,NY,Musgrave,Barley,Thoroughbred,41,5/15/15,Blk1,2.264111672,14.26,28.07,48.58,75.61,196.1964895
2015,NY,Musgrave,Barley,Thoroughbred,41,5/15/15,Blk2,2.166481607,12.42,28.44,48.7,75.65,198.1832755
2015,NY,Musgrave,Barley,Thoroughbred,41,5/15/15,Blk3,3.336532649,17.49,27.25,47.3,76.82,204.5467085
2015,NY,Musgrave,Barley,Thoroughbred,41,5/15/15,Blk4,0.791105479,16.17,25.28,43.36,70.76,205.8050549
2015,NY,Musgrave,Cereal.rye,Huron,50,5/15/15,Blk1,4.317865781,12.34,35.72,62.04,63.78,146.5416328
2015,NY,Musgrave,Cereal.rye,Huron,45,5/15/15,Blk2,3.825186224,12.42,34.37,60.44,66.22,154.9879588
2015,NY,Musgrave,Cereal.rye,Huron,47,5/15/15,Blk3,4.709895786,13.38,35.01,60.82,65.99,151.6421585
2015,NY,Musgrave,Cereal.rye,Huron,45,5/15/15,Blk4,2.814161474,12.97,32.16,56.88,69.14,171.6500112
2015,NY,Musgrave,Cereal.rye,Spooner,55,5/15/15,Blk1,5.301211904,13.09,36.88,61.89,61.99,141.1373437
2015,NY,Musgrave,Cereal.rye,Spooner,53,5/15/15,Blk2,3.285704625,12.18,35.72,60.64,65,151.0563434
2015,NY,Musgrave,Cereal.rye,Spooner,55,5/15/15,Blk3,3.905705865,11.93,36.88,63.17,63.23,143.4825767
2015,NY,Musgrave,Cereal.rye,Spooner,53,5/15/15,Blk4,2.769875671,12.95,33.79,58.35,65.85,159.7034378
2015,NY,Musgrave,Cereal.rye,Aroostook,59,5/15/15,Blk1,5.227737731,12.18,39.78,64.51,56.87,117.8762257
2015,NY,Musgrave,Cereal.rye,Aroostook,57,5/15/15,Blk2,5.839183759,13.42,38.69,63.27,59.03,125.1597869
2015,NY,Musgrave,Cereal.rye,Aroostook,59,5/15/15,Blk3,4.38328799,11.69,39,64.09,57.41,122.8351736
2015,NY,Musgrave,Cereal.rye,Aroostook,57,5/15/15,Blk4,2.361741738,11.55,36.75,61.72,61.23,138.5610516
2015,NY,Musgrave,Cereal.rye,LakeviewVNS,53,5/15/15,Blk1,4.165884957,13.78,35.54,61.37,65.47,146.5522802
2015,NY,Musgrave,Cereal.rye,LakeviewVNS,57,5/15/15,Blk2,3.878027239,11.94,35.43,61.59,62.52,142.5978681
2015,NY,Musgrave,Cereal.rye,LakeviewVNS,59,5/15/15,Blk3,4.026485328,14.72,33.85,58.49,66.64,157.0468385
2015,NY,Musgrave,Cereal.rye,LakeviewVNS,57,5/15/15,Blk4,2.249517487,12.76,32.66,57.42,68.62,169.3018106
2015,NY,Musgrave,Triticale,TriCal815,39,5/15/15,Blk1,2.667213128,14.1,29.6,51.64,70.89,182.3177943
2015,NY,Musgrave,Triticale,TriCal815,39,5/15/15,Blk2,3.057230142,12.29,30.25,51.37,70.32,178.1751585
2015,NY,Musgrave,Triticale,TriCal815,39,5/15/15,Blk3,3.337539144,12.4,30.62,52.56,70.78,185.3280024
2015,NY,Musgrave,Triticale,TriCal815,37,5/15/15,Blk4,2.128738025,12.64,29.13,50.31,73.01,192.2670957
2015,NY,Musgrave,Triticale,TriCal718,37,5/15/15,Blk1,2.334566359,14.99,29.32,50.4,71.28,179.3857791
2015,NY,Musgrave,Triticale,TriCal718,37,5/15/15,Blk2,1.284288284,15.06,27.81,48.64,74.35,193.0265242
2015,NY,Musgrave,Triticale,TriCal718,37,5/15/15,Blk3,1.830815351,14.22,30.23,51.94,69.93,176.322718
2015,NY,Musgrave,Triticale,TriCal718,37,5/15/15,Blk4,1.25359017,14.76,27.41,47.96,74.65,199.0143979
2015,NY,Musgrave,Triticale,NE426GT,41,5/15/15,Blk1,3.939423465,13.14,33,58.02,67.12,163.3200789
2015,NY,Musgrave,Triticale,NE426GT,39,5/15/15,Blk2,3.051694417,13.82,29.3,50.88,69.01,178.4840326
2015,NY,Musgrave,Triticale,NE426GT,41,5/15/15,Blk3,2.92286299,14.61,29.97,52.81,70.08,181.3151718
2015,NY,Musgrave,Triticale,NE426GT,37,5/15/15,Blk4,2.069354789,12.57,28.25,48.77,72.65,195.2293269
2015,NY,Musgrave,Triticale,TriMark099,39,5/15/15,Blk1,3.528773293,13.07,30.28,53,70.71,182.1907239
2015,NY,Musgrave,Triticale,TriMark099,39,5/15/15,Blk2,2.556498621,14.69,28.14,49.67,73.66,190.0505537
2015,NY,Musgrave,Triticale,TriMark099,41,5/15/15,Blk3,2.950541617,13.89,30.08,52.47,70.47,177.6373356
2015,NY,Musgrave,Triticale,TriMark099,39,5/15/15,Blk4,1.514775758,13.87,27.81,48.86,74.72,195.8242938
2015,NY,Musgrave,Barley,Verdant,45,5/19/15,Blk2,2.069858037,14.25,33.83,56.76,73.77,174.0542087
2015,NY,Musgrave,Barley,Verdant,45,5/19/15,Blk3,3.406484087,15.91,34.95,55.34,74.35,154.8986568
2015,NY,Musgrave,Barley,Verdant,41,5/19/15,Blk4,2.645573474,12.63,33.78,56.12,72.54,168.4684347
2015,NY,Musgrave,Barley,Valor,60,5/19/15,Blk2,3.021499551,13.98,38.13,63.84,60.45,122.2901938
2015,NY,Musgrave,Barley,Valor,60,5/19/15,Blk3,3.67773463,14.69,36.87,61.94,65.21,136.6963218
2015,NY,Musgrave,Barley,Valor,60,5/19/15,Blk4,1.353736474,15.7,32.32,57.31,71.11,163.0507811
2015,NY,Musgrave,Barley,P919,60,5/19/15,Blk1,3.150330978,12.07,38.14,62.97,63.26,134.1191201
2015,NY,Musgrave,Barley,P919,60,5/19/15,Blk2,3.342068374,11.09,35.8,61.83,65.46,152.5610026
2015,NY,Musgrave,Barley,P919,60,5/19/15,Blk3,3.71598146,12.54,37.93,62.88,63.45,137.6367792
2015,NY,Musgrave,Barley,P919,55,5/19/15,Blk4,1.482064653,12.66,33.03,58.08,71.1,177.9921715
2015,NY,Musgrave,Barley,Thoroughbred,57,5/19/15,Blk2,2.739177558,13.9,37.28,63.47,64.38,137.4553453
2015,NY,Musgrave,Barley,Thoroughbred,53,5/19/15,Blk3,2.07589701,16.22,33.9,59.68,69.31,152.8576107
2015,NY,Musgrave,Barley,Thoroughbred,55,5/19/15,Blk4,2.589209725,13.49,35.07,62.03,64.79,145.9942558
2015,NY,Musgrave,Cereal.rye,Huron,57,5/19/15,Blk1,4.253450068,12.11,42.08,69.78,59.96,113.4214147
2015,NY,Musgrave,Cereal.rye,Huron,57,5/19/15,Blk2,5.628826196,12.47,41.93,68.79,59.71,113.3588946
2015,NY,Musgrave,Cereal.rye,Huron,57,5/19/15,Blk3,4.517655142,12.96,41.58,68.54,60.5,115.1062517
2015,NY,Musgrave,Cereal.rye,Huron,57,5/19/15,Blk4,3.54286423,11.79,41,68.74,60.6,119.4028959
2015,NY,Musgrave,Cereal.rye,Spooner,57,5/19/15,Blk1,2.843349844,13.03,41.49,67.84,59.12,111.004434
2015,NY,Musgrave,Cereal.rye,Spooner,59,5/19/15,Blk2,3.996290462,11.18,44.94,71.95,56.8,99.25281485
2015,NY,Musgrave,Cereal.rye,Spooner,57,5/19/15,Blk3,5.056633492,11.51,44.59,70.84,56.5,98.6687195
2015,NY,Musgrave,Cereal.rye,Spooner,55,5/19/15,Blk4,3.173480375,13.74,40.06,65.81,61.53,120.7298159
2015,NY,Musgrave,Cereal.rye,Aroostook,60,5/19/15,Blk1,4.924279332,11.59,44.99,70.68,51.92,89.38914258
2015,NY,Musgrave,Cereal.rye,Aroostook,60,5/19/15,Blk2,4.873451308,11.42,45.37,71.14,52.36,89.44183347
2015,NY,Musgrave,Cereal.rye,Aroostook,60,5/19/15,Blk3,4.872444812,12.12,44.25,70.14,54.71,98.24223979
2015,NY,Musgrave,Cereal.rye,Aroostook,59,5/19/15,Blk4,2.531336233,10.41,45.21,72.21,52.97,93.30144433
2015,NY,Musgrave,Cereal.rye,LakeviewVNS,57,5/19/15,Blk1,2.97016828,11.12,42.86,70.73,59.85,111.1670723
2015,NY,Musgrave,Cereal.rye,LakeviewVNS,59,5/19/15,Blk2,4.034034044,10.85,44.92,72.51,55.46,94.87908698
2015,NY,Musgrave,Cereal.rye,LakeviewVNS,57,5/19/15,Blk3,3.242928565,12.73,42.34,68.59,58.64,108.4267201
2015,NY,Musgrave,Cereal.rye,LakeviewVNS,57,5/19/15,Blk4,5.2010656,11.45,44.42,71.39,56.6,97.63971347
2015,NY,Musgrave,Triticale,TriCal815,49,5/19/15,Blk1,3.172473879,12.41,38.6,64.37,63.49,134.6679034
2015,NY,Musgrave,Triticale,TriCal815,45,5/19/15,Blk2,2.024565738,12.83,36.56,62.35,65.52,149.5346323
2015,NY,Musgrave,Triticale,TriCal815,49,5/19/15,Blk3,4.896600705,12.96,39.74,64.65,60.42,121.3979492
2015,NY,Musgrave,Triticale,TriCal815,47,5/19/15,Blk4,3.947978677,12.54,37.73,63.11,64.81,142.339646
2015,NY,Musgrave,Triticale,TriCal718,41,5/19/15,Blk2,3.698871036,13.79,38.95,63.92,62.24,124.8599184
2015,NY,Musgrave,Triticale,TriCal718,43,5/19/15,Blk3,5.473825886,12.87,40.69,66,61.4,119.8683164
2015,NY,Musgrave,Triticale,TriCal718,41,5/19/15,Blk4,2.883609665,14.04,37.54,62.49,65.32,139.6389355
2015,NY,Musgrave,Triticale,NE426GT,53,5/19/15,Blk1,3.798514092,13.43,37.62,63.23,63.53,133.0334206
2015,NY,Musgrave,Triticale,NE426GT,53,5/19/15,Blk2,3.59469875,11.97,38.19,64.77,63.58,138.0687321
2015,NY,Musgrave,Triticale,NE426GT,55,5/19/15,Blk3,5.177412955,13.11,37.97,63.81,63.85,138.7408926
2015,NY,Musgrave,Triticale,NE426GT,55,5/19/15,Blk4,2.732132089,12.95,36.75,62.61,64.45,142.8148448
2015,NY,Musgrave,Triticale,TriMark099,50,5/19/15,Blk1,5.309767116,13.04,38.7,64.25,63.93,128.8570995
2015,NY,Musgrave,Triticale,TriMark099,50,5/19/15,Blk2,2.904242823,13.01,37.71,64.06,64.02,136.9232632
2015,NY,Musgrave,Triticale,TriMark099,50,5/19/15,Blk3,3.311873509,13.87,36.91,61.48,64.32,134.9737516
2015,NY,Musgrave,Triticale,TriMark099,49,5/19/15,Blk4,2.033624198,13.1,35.37,60.82,67.08,153.5095484
2015,NY,Musgrave,Barley,Verdant,52,5/24/15,Blk1,3.699374284,11.77,33.63,55.42,72.17,169.3441966
2015,NY,Musgrave,Barley,Verdant,52,5/24/15,Blk2,4.296729375,13.15,34.34,56.21,71.92,167.1987065
2015,NY,Musgrave,Barley,Verdant,51,5/24/15,Blk3,3.816127764,13.32,34.52,55.43,70.98,158.3160753
2015,NY,Musgrave,Barley,Verdant,50,5/24/15,Blk4,1.842390049,12.43,30.92,51.4,73.86,188.8494248
2015,NY,Musgrave,Barley,Valor,65,5/24/15,Blk1,4.31132356,13.47,35.03,58.76,63.97,148.529655
2015,NY,Musgrave,Barley,Valor,65,5/24/15,Blk2,5.082802376,10.98,39.77,64.44,57.54,119.9745095
2015,NY,Musgrave,Barley,Valor,65,5/24/15,Blk3,5.894541013,12.38,37.91,60.98,60,130.291902
2015,NY,Musgrave,Barley,Valor,65,5/24/15,Blk4,5.089344597,10.85,36.96,61.44,63.12,144.560362
2015,NY,Musgrave,Barley,P919,69,5/24/15,Blk1,5.300205408,9.94,38.12,61.5,62.15,138.1445358
2015,NY,Musgrave,Barley,P919,76,5/24/15,Blk2,5.320838566,8.56,37.57,61.33,60.21,135.6472147
2015,NY,Musgrave,Barley,P919,69,5/24/15,Blk3,4.849295415,10.32,36.97,60.11,61.78,146.1133393
2015,NY,Musgrave,Barley,P919,65,5/24/15,Blk4,3.814114773,8.93,35.95,59.95,62.81,144.3897904
2015,NY,Musgrave,Barley,Thoroughbred,64,5/24/15,Blk1,3.095476972,11.18,35.32,59.68,65.37,155.7953373
2015,NY,Musgrave,Barley,Thoroughbred,62,5/24/15,Blk2,3.804553066,11.15,36.55,61.28,61.82,140.3313854
2015,NY,Musgrave,Barley,Thoroughbred,61,5/24/15,Blk3,4.353093124,12.97,36.51,61.27,63.46,138.1586137
2015,NY,Musgrave,Barley,Thoroughbred,60,5/24/15,Blk4,4.205138283,10.3,35.8,60.13,63.88,149.070834
2015,NY,Musgrave,Cereal.rye,Huron,59,5/24/15,Blk1,7.412336257,10.33,44.24,70.75,55.48,99.5939127
2015,NY,Musgrave,Cereal.rye,Huron,60,5/24/15,Blk2,6.019346457,10.62,44.51,70.32,54.97,97.0048456
2015,NY,Musgrave,Cereal.rye,Huron,61,5/24/15,Blk3,7.305144484,11.25,44.08,70.47,57.49,104.0593817
2015,NY,Musgrave,Cereal.rye,Huron,60,5/24/15,Blk4,5.407397181,8.76,44.72,73.13,55.3,96.35519462
2015,NY,Musgrave,Cereal.rye,Spooner,61,5/24/15,Blk1,4.623840419,11.16,44.69,70.76,55.13,96.38432934
2015,NY,Musgrave,Cereal.rye,Spooner,60,5/24/15,Blk2,6.958406778,9.39,47.21,74.1,52.73,85.38632415
2015,NY,Musgrave,Cereal.rye,Spooner,61,5/24/15,Blk3,7.978993235,9.4,46.82,73.22,53.85,89.10864089
2015,NY,Musgrave,Cereal.rye,Spooner,60,5/24/15,Blk4,5.880450076,11.06,45.65,71.14,54.75,92.20767686
2015,NY,Musgrave,Cereal.rye,Aroostook,63,5/24/15,Blk1,5.547803306,10.01,46.77,71.81,50.89,85.29358383
2015,NY,Musgrave,Cereal.rye,Aroostook,65,5/24/15,Blk2,7.121459052,9.7,47.19,73.04,50.72,82.78520108
2015,NY,Musgrave,Cereal.rye,Aroostook,62,5/24/15,Blk3,7.632255528,10.1,45.95,71.28,52.16,91.03238053
2015,NY,Musgrave,Cereal.rye,Aroostook,63,5/24/15,Blk4,5.414945898,7.24,48.37,75.14,49.35,76.23899498
2015,NY,Musgrave,Cereal.rye,LakeviewVNS,60,5/24/15,Blk1,8.855147585,9.03,46.79,73.98,52.5,86.49980548
2015,NY,Musgrave,Cereal.rye,LakeviewVNS,61,5/24/15,Blk2,6.499948068,9.09,46.39,73.11,52.27,86.79615724
2015,NY,Musgrave,Cereal.rye,LakeviewVNS,62,5/24/15,Blk3,6.196489669,10.15,45.57,72.13,54.58,94.35323705
2015,NY,Musgrave,Cereal.rye,LakeviewVNS,60,5/24/15,Blk4,5.940839807,11.09,44.04,70.57,55.85,100.6646324
2015,NY,Musgrave,Triticale,TriCal815,55,5/24/15,Blk1,7.494365642,11.54,40.35,65.83,60.22,121.7630062
2015,NY,Musgrave,Triticale,TriCal815,57,5/24/15,Blk2,5.975563902,9.44,40.46,67.1,60.2,123.7824884
2015,NY,Musgrave,Triticale,TriCal815,57,5/24/15,Blk3,5.316812584,11.36,40.33,65.92,59.69,119.4052045
2015,NY,Musgrave,Triticale,TriCal815,57,5/24/15,Blk4,4.31585279,10.89,39.34,65.55,59.87,124.9817087
2015,NY,Musgrave,Triticale,TriCal718,45,5/24/15,Blk1,4.315349542,13.12,37.84,62.15,63.35,135.8682002
2015,NY,Musgrave,Triticale,TriCal718,50,5/24/15,Blk2,6.540207889,11.99,40.62,65.32,60.33,119.7699213
2015,NY,Musgrave,Triticale,TriCal718,50,5/24/15,Blk3,3.928855262,11.12,40.56,66.2,60.14,118.8997757
2015,NY,Musgrave,Triticale,TriCal718,50,5/24/15,Blk4,5.92674887,12.18,39.42,64.56,61.76,129.757453
2015,NY,Musgrave,Triticale,NE426GT,57,5/24/15,Blk1,4.303271596,11.4,39.66,65.59,58.58,121.3541487
2015,NY,Musgrave,Triticale,NE426GT,57,5/24/15,Blk2,5.541764333,10.05,40.33,66.87,57.74,119.2341599
2015,NY,Musgrave,Triticale,NE426GT,57,5/24/15,Blk3,5.152250567,10.88,39.78,66.1,58.75,122.3579652
2015,NY,Musgrave,Triticale,NE426GT,57,5/24/15,Blk4,5.341974972,10.83,40.41,67.01,58.94,121.6909388
2015,NY,Musgrave,Triticale,TriMark099,57,5/24/15,Blk1,5.412932907,11.82,39.48,63.84,60.88,125.3743607
2015,NY,Musgrave,Triticale,TriMark099,57,5/24/15,Blk2,4.521681124,11.34,38.39,64.2,61.81,132.5243308
2015,NY,Musgrave,Triticale,TriMark099,57,5/24/15,Blk3,5.967511938,11.38,39.85,65.06,59.34,118.5811674
2015,NY,Musgrave,Triticale,TriMark099,57,5/24/15,Blk4,3.08239253,10.82,37.99,63.82,62.02,135.1994443
2015,NY,Musgrave,Barley,Verdant,71,5/29/15,Blk1,4.707882795,10.42,33.83,56.66,67.74,164.7892844
2015,NY,Musgrave,Barley,Verdant,71,5/29/15,Blk2,5.19200714,10.41,35.81,60.04,64.89,151.1075925
2015,NY,Musgrave,Barley,Verdant,71,5/29/15,Blk3,5.588063127,10.28,35.96,58.63,65.58,145.0003334
2015,NY,Musgrave,Barley,Verdant,71,5/29/15,Blk4,5.331910017,8.63,35.2,57.97,63.85,145.9566998
2015,NY,Musgrave,Barley,Valor,81,5/29/15,Blk1,3.812101782,11.33,33.69,54.88,60.4,154.9467843
2015,NY,Musgrave,Barley,Valor,82,5/29/15,Blk2,5.567429969,9.81,38.04,58.95,56.45,133.2221923
2015,NY,Musgrave,Barley,Valor,82,5/29/15,Blk3,6.824542873,9.44,36.21,56.39,58.22,140.3274217
2015,NY,Musgrave,Barley,Valor,81,5/29/15,Blk4,5.471812894,8.93,34.43,53.88,59.5,146.9660399
2015,NY,Musgrave,Barley,P919,83,5/29/15,Blk1,8.574335335,8.42,35.94,54.84,58.18,139.7607821
2015,NY,Musgrave,Barley,P919,83,5/29/15,Blk2,6.894494312,7.55,33.73,52.57,60.13,151.5386255
2015,NY,Musgrave,Barley,P919,83,5/29/15,Blk3,6.332366564,9.15,34.62,53.9,59.45,151.1256906
2015,NY,Musgrave,Barley,P919,83,5/29/15,Blk4,2.850395313,8.72,33.86,54.17,60.91,151.191838
2015,NY,Musgrave,Barley,Thoroughbred,80,5/29/15,Blk1,2.575118788,11.61,33.79,56.01,62.59,155.8817785
2015,NY,Musgrave,Barley,Thoroughbred,80,5/29/15,Blk2,4.510609673,9.4,33.34,53.1,62.5,159.9052375
2015,NY,Musgrave,Barley,Thoroughbred,80,5/29/15,Blk3,4.636924861,11.71,34.09,55.16,63.33,157.0313608
2015,NY,Musgrave,Barley,Thoroughbred,81,5/29/15,Blk4,4.273579978,8.75,31.49,49.49,59.3,157.9753855
2015,NY,Musgrave,Cereal.rye,Huron,69,5/29/15,Blk1,7.532612472,8.23,47.6,74.74,51.62,82.06930956
2015,NY,Musgrave,Cereal.rye,Huron,69,5/29/15,Blk2,6.908585249,8.43,47.33,73.86,50.59,82.10067419
2015,NY,Musgrave,Cereal.rye,Huron,70,5/29/15,Blk3,8.807339048,8.5,47.19,73.49,52.11,87.01842238
2015,NY,Musgrave,Cereal.rye,Huron,67,5/29/15,Blk4,4.817087559,7.48,46.57,74.77,51.36,84.17194501
2015,NY,Musgrave,Cereal.rye,Spooner,69,5/29/15,Blk1,10.166108,7.03,50.36,75.76,49.5,73.167509
2015,NY,Musgrave,Cereal.rye,Spooner,65,5/29/15,Blk2,5.277559259,6.49,50.77,78.09,48.03,65.89306211
2015,NY,Musgrave,Cereal.rye,Spooner,69,5/29/15,Blk3,8.808848791,7.26,49.73,75.56,48.69,71.79905497
2015,NY,Musgrave,Cereal.rye,Spooner,63,5/29/15,Blk4,7.375095923,8.09,48.25,74.2,50.44,81.51261701
2015,NY,Musgrave,Cereal.rye,Aroostook,71,5/29/15,Blk2,7.933700936,6.97,48.35,72.1,48.78,82.47558523
2015,NY,Musgrave,Cereal.rye,Aroostook,71,5/29/15,Blk3,9.164644957,8.18,47.5,71.1,50.6,87.90593861
2015,NY,Musgrave,Cereal.rye,Aroostook,71,5/29/15,Blk4,4.901129935,5.99,49.08,74.76,48.34,74.17129109
2015,NY,Musgrave,Cereal.rye,LakeviewVNS,69,5/29/15,Blk1,8.693101806,7.13,48.99,75.85,50.63,77.85358767
2015,NY,Musgrave,Cereal.rye,LakeviewVNS,71,5/29/15,Blk2,5.990158087,7.44,48.91,74.95,48.46,73.83613619
2015,NY,Musgrave,Cereal.rye,LakeviewVNS,69,5/29/15,Blk3,9.611528968,8.26,47.95,74.02,50.54,81.90213488
2015,NY,Musgrave,Cereal.rye,LakeviewVNS,69,5/29/15,Blk4,7.685599791,7.72,48.99,75.66,49.85,76.10758461
2015,NY,Musgrave,Triticale,TriCal815,63,5/29/15,Blk1,5.565416978,8.05,42.98,69.47,54.2,106.1344022
2015,NY,Musgrave,Triticale,TriCal815,61,5/29/15,Blk2,6.297139221,9.51,41.93,68.34,57.02,116.5248157
2015,NY,Musgrave,Triticale,TriCal815,63,5/29/15,Blk3,8.214513186,9.72,42.34,67.41,54.86,108.3734843
2015,NY,Musgrave,Triticale,TriCal718,59,5/29/15,Blk1,5.672105503,9.53,43.67,71.16,55.33,105.653386
2015,NY,Musgrave,Triticale,TriCal718,59,5/29/15,Blk2,9.141998808,9.24,44.88,71.62,52.44,94.60444838
2015,NY,Musgrave,Triticale,TriCal718,59,5/29/15,Blk3,11.46700346,9.59,44.93,71.13,52.86,95.87032814
2015,NY,Musgrave,Triticale,NE426GT,65,5/29/15,Blk1,7.29709252,10.44,41.17,66.69,56.38,112.8899384
2015,NY,Musgrave,Triticale,NE426GT,60,5/29/15,Blk2,7.028861464,8.94,42.52,68.63,53.88,106.1430844
2015,NY,Musgrave,Triticale,NE426GT,63,5/29/15,Blk3,8.472679287,9.18,41.14,66.59,55.11,116.2577881
2015,NY,Musgrave,Triticale,NE426GT,65,5/29/15,Blk4,6.846685775,8.35,41.99,68.18,54.11,110.0557535
2015,NY,Musgrave,Triticale,TriMark099,67,5/29/15,Blk1,7.506946836,9.61,41.66,67.76,55.79,113.1394543
2015,NY,Musgrave,Triticale,TriMark099,60,5/29/15,Blk2,4.426064049,9.25,40.45,66.13,58.84,124.5779706
2015,NY,Musgrave,Triticale,TriMark099,67,5/29/15,Blk3,7.231167063,10.68,40.83,65.35,56.48,114.3045467
2015,NY,Musgrave,Triticale,TriMark099,65,5/29/15,Blk4,5.728469252,10.14,39.4,64.65,59.49,131.5782056
2015,NY,Musgrave,Barley,Verdant,73,6/3/15,Blk1,6.214606588,8.3,37.4,60.26,60.17,132.7011232
2015,NY,Musgrave,Barley,Verdant,71,6/3/15,Blk2,5.188987653,7.66,38,60.83,58.97,126.9853723
2015,NY,Musgrave,Barley,Verdant,75,6/3/15,Blk3,6.434525859,8.68,38.17,60.6,59.89,130.5917455
2015,NY,Musgrave,Barley,Verdant,73,6/3/15,Blk4,6.770695363,8.58,35.88,56.36,62.18,146.6461367
2015,NY,Musgrave,Barley,Valor,83,6/3/15,Blk1,7.432466167,8.27,33.71,50.79,54.76,144.4680882
2015,NY,Musgrave,Barley,Valor,82,6/3/15,Blk2,6.664510086,9.59,35.71,54.5,55.76,140.3137867
2015,NY,Musgrave,Barley,Valor,83,6/3/15,Blk3,5.900579986,8.49,33.45,50.84,56.28,146.6913007
2015,NY,Musgrave,Barley,Valor,81,6/3/15,Blk4,5.542267581,11.39,31.99,50.04,58.7,160.8683181
2015,NY,Musgrave,Barley,P919,85,6/3/15,Blk1,8.406753831,8.09,35.06,52.94,58.19,147.1097305
2015,NY,Musgrave,Barley,P919,85,6/3/15,Blk2,5.006811964,7.63,33.92,52.18,55.32,139.3215281
2015,NY,Musgrave,Barley,P919,85,6/3/15,Blk3,9.831951487,8.97,34.04,50.95,56.25,147.3469858
2015,NY,Musgrave,Barley,P919,85,6/3/15,Blk4,5.453695975,7.91,33.66,50.96,56.26,147.1945116
2015,NY,Musgrave,Barley,Thoroughbred,81,6/3/15,Blk1,4.702850317,8.34,32.09,50.5,57.87,153.4441254
2015,NY,Musgrave,Barley,Thoroughbred,81,6/3/15,Blk2,7.262368425,9.18,33.52,51.77,57.84,149.6116409
2015,NY,Musgrave,Barley,Thoroughbred,81,6/3/15,Blk3,6.317772379,9.53,32.09,49.27,56.86,153.4262715
2015,NY,Musgrave,Barley,Thoroughbred,81,6/3/15,Blk4,5.543274076,8.28,31.55,48.62,56.51,148.3736119
2015,NY,Musgrave,Cereal.rye,Huron,71,6/3/15,Blk1,9.960782914,6.48,48.57,74.32,48.65,76.72919532
2015,NY,Musgrave,Cereal.rye,Huron,71,6/3/15,Blk2,8.055990142,5.96,48.77,75.77,49.56,74.94795123
2015,NY,Musgrave,Cereal.rye,Huron,71,6/3/15,Blk3,9.909451642,8.89,46.27,71.81,50.59,86.49319082
2015,NY,Musgrave,Cereal.rye,Huron,69,6/3/15,Blk4,8.154626703,5.4,48.57,75.22,49.62,74.05895289
2015,NY,Musgrave,Cereal.rye,Spooner,69,6/3/15,Blk2,9.755457828,6.74,48.08,72.34,49.56,81.69093447
2015,NY,Musgrave,Cereal.rye,Spooner,71,6/3/15,Blk3,8.735877866,6.29,48.61,74,49.38,76.8578516
2015,NY,Musgrave,Cereal.rye,Spooner,67,6/3/15,Blk4,9.432372766,6.05,49,74.21,46.78,70.69627876
2015,NY,Musgrave,Cereal.rye,Aroostook,73,6/3/15,Blk1,7.856704029,6.43,47,69.68,47.59,81.72660453
2015,NY,Musgrave,Cereal.rye,Aroostook,72,6/3/15,Blk2,10.53750485,6.68,45.67,67.37,49.76,93.02436323
2015,NY,Musgrave,Cereal.rye,Aroostook,73,6/3/15,Blk3,9.670912204,7.56,45.79,67.81,50.53,96.42542357
2015,NY,Musgrave,Cereal.rye,Aroostook,73,6/3/15,Blk4,8.120909103,5.84,46.8,70.09,49.3,84.82038578
2015,NY,Musgrave,Cereal.rye,LakeviewVNS,71,6/3/15,Blk1,7.171783828,6.69,48.01,74.07,49.53,79.53004742
2015,NY,Musgrave,Cereal.rye,LakeviewVNS,71,6/3/15,Blk2,7.487320173,6.83,47.99,73.91,49.24,78.10263518
2015,NY,Musgrave,Cereal.rye,LakeviewVNS,70,6/3/15,Blk3,6.437545346,7.87,46.58,71.31,50.64,88.28003337
2015,NY,Musgrave,Cereal.rye,LakeviewVNS,69,6/3/15,Blk4,9.788168932,6.23,48.24,73.84,48.72,77.2660934
2015,NY,Musgrave,Triticale,TriCal815,67,6/3/15,Blk1,6.251343675,9.42,41.82,66.73,55.14,112.5122487
2015,NY,Musgrave,Triticale,TriCal815,67,6/3/15,Blk2,5.157283044,7.84,43.39,69.07,53.25,101.5982307
2015,NY,Musgrave,Triticale,TriCal815,67,6/3/15,Blk3,8.745942821,6.91,44.38,69.15,51.84,95.95460943
2015,NY,Musgrave,Triticale,TriCal815,65,6/3/15,Blk4,6.871848163,7.6,43.86,69.58,52.75,98.90413558
2015,NY,Musgrave,Triticale,TriCal718,63,6/3/15,Blk1,7.989561438,9.53,44.52,70.91,52.74,97.59619798
2015,NY,Musgrave,Triticale,TriCal718,65,6/3/15,Blk2,8.027808268,7.66,46.01,73,50.68,87.30717143
2015,NY,Musgrave,Triticale,TriCal718,65,6/3/15,Blk3,4.903142926,9.16,45.61,72.57,51.23,89.44058775
2015,NY,Musgrave,Triticale,TriCal718,65,6/3/15,Blk4,10.06646494,8.47,44.92,71.55,52.02,93.89787882
2015,NY,Musgrave,Triticale,NE426GT,67,6/3/15,Blk1,10.82033009,7.94,42.92,67.44,51.26,99.88113749
2015,NY,Musgrave,Triticale,NE426GT,67,6/3/15,Blk2,7.094283673,9.39,42.92,67.91,52.03,101.2205582
2015,NY,Musgrave,Triticale,NE426GT,67,6/3/15,Blk3,4.778840729,10.49,41.5,66.81,53.99,107.0272744
2015,NY,Musgrave,Triticale,NE426GT,67,6/3/15,Blk4,6.979039936,8.56,40.76,64.68,54.89,116.3793641
2015,NY,Musgrave,Triticale,TriMark099,65,6/3/15,Blk1,5.218679271,8.39,42.05,67.03,54.29,108.6355835
2015,NY,Musgrave,Triticale,TriMark099,65,6/3/15,Blk2,6.499948068,8.33,43.39,68.3,52.05,99.07787152
2015,NY,Musgrave,Triticale,TriMark099,65,6/3/15,Blk3,9.818363798,8.92,42.73,66.97,53.45,104.9371107
2015,NY,Musgrave,Triticale,TriMark099,65,6/3/15,Blk4,6.770695363,7.77,41.28,65.43,54.83,112.4906391
2015,MD,Beltsville,Barley,Verdant,31,4/17/15,Blk1,0.208495547,14.67,25.65,37.71,64.42,197.7629057
2015,MD,Beltsville,Barley,Verdant,31,4/17/15,Blk2,0.224297527,17.01,24.22,38.21,66.24,190.3528663
2015,MD,Beltsville,Barley,Verdant,30,4/17/15,Blk3,0.305974638,15.7,26.26,39.46,71.19,199.906151
2015,MD,Beltsville,Barley,Verdant,30,4/17/15,Blk4,0.130190196,21.08,22.68,38.38,73.46,199.1416237
2015,MD,Beltsville,Barley,Valor,31,4/17/15,Blk1,0.017362048,NA,NA,NA,NA,NA
2015,MD,Beltsville,Barley,Valor,30,4/17/15,Blk2,0.033365326,13.94,30.7,49.4,66.89,181.4230788
2015,MD,Beltsville,Barley,Valor,31,4/17/15,Blk3,0.100498578,18.6,24.95,40.65,67.19,190.3967768
2015,MD,Beltsville,Barley,Valor,31,4/17/15,Blk4,0.158623694,16.53,24.73,38.46,64.58,193.4051464
2015,MD,Beltsville,Barley,P919,31,4/17/15,Blk1,0.150622055,16.56,25.95,41.72,71.93,202.6980691
2015,MD,Beltsville,Barley,P919,31,4/17/15,Blk2,0.016707826,NA,NA,NA,NA,NA
2015,MD,Beltsville,Barley,P919,31,4/17/15,Blk3,0.675710767,13.71,25.44,40.55,71.68,198.2476621
2015,MD,Beltsville,Barley,P919,30,4/17/15,Blk4,0.1460425,23.6,21.81,38.4,71.46,191.3296218
2015,MD,Beltsville,Barley,Thoroughbred,31,4/17/15,Blk1,0.222133561,14.09,26.64,39.72,70.05,208.8246831
2015,MD,Beltsville,Barley,Thoroughbred,30,4/17/15,Blk2,0.25152323,16.65,25.46,39.41,69.61,203.4573902
2015,MD,Beltsville,Barley,Thoroughbred,31,4/17/15,Blk3,0.486439285,13.95,27.06,41.93,73.89,201.1069009
2015,MD,Beltsville,Barley,Thoroughbred,31,4/17/15,Blk4,0.181622117,22.24,23.21,39.9,71.22,190.0441787
2015,MD,Beltsville,Cereal.rye,Huron,32,4/17/15,Blk1,0.322632139,NA,NA,NA,NA,NA
2015,MD,Beltsville,Cereal.rye,Huron,31,4/17/15,Blk2,0.278396661,17.22,26.1,48.12,75.08,206.3390493
2015,MD,Beltsville,Cereal.rye,Huron,32,4/17/15,Blk3,0.367169566,17.3,27.69,50.43,76.44,204.7479042
2015,MD,Beltsville,Cereal.rye,Huron,30,4/17/15,Blk4,0.438228149,17.74,26.46,48.83,76.26,208.5094124
2015,MD,Beltsville,Cereal.rye,Spooner,32,4/17/15,Blk1,1.131300964,14.06,28,49.87,73.21,195.3505319
2015,MD,Beltsville,Cereal.rye,Spooner,32,4/17/15,Blk2,0.389362792,13.94,26.99,48.32,73.97,204.3599342
2015,MD,Beltsville,Cereal.rye,Spooner,32,4/17/15,Blk3,0.836196478,15.06,27.84,49.89,74.13,196.7332293
2015,MD,Beltsville,Cereal.rye,Spooner,31,4/17/15,Blk4,0.525390661,14.33,28.5,49.47,71.87,186.2986722
2015,MD,Beltsville,Cereal.rye,Aroostook,33,4/17/15,Blk1,1.274323978,12.34,30.71,53,70.47,186.101227
2015,MD,Beltsville,Cereal.rye,Aroostook,33,4/17/15,Blk2,1.993213403,12.7,32.08,54.48,70.2,185.6838472
2015,MD,Beltsville,Cereal.rye,Aroostook,33,4/17/15,Blk3,1.617287326,12.23,32.88,56.4,69.48,177.3712979
2015,MD,Beltsville,Cereal.rye,Aroostook,32,4/17/15,Blk4,0.739975506,14.36,28.17,50.05,74.99,200.7826475
2015,MD,Beltsville,Cereal.rye,LakeviewVNS,33,4/17/15,Blk1,1.161042907,15.19,28.32,52.08,78.73,209.3491727
2015,MD,Beltsville,Cereal.rye,LakeviewVNS,30,4/17/15,Blk2,0.628757751,14.46,27.91,50.5,75.66,208.2804385
2015,MD,Beltsville,Cereal.rye,LakeviewVNS,33,4/17/15,Blk3,1.365059549,16.24,27.43,51.31,78.57,208.0405652
2015,MD,Beltsville,Cereal.rye,LakeviewVNS,31,4/17/15,Blk4,0.335163008,17.26,26.93,49.55,74.12,202.6212969
2015,MD,Beltsville,Triticale,TriCal815,31,4/17/15,Blk1,0.779027532,13.23,27.58,44.81,74.18,206.7830764
2015,MD,Beltsville,Triticale,TriCal815,32,4/17/15,Blk2,0.684618253,15.19,26.76,44.74,75.78,209.8346973
2015,MD,Beltsville,Triticale,TriCal815,31,4/17/15,Blk3,0.410046275,16.02,26.14,43.12,74.87,204.5897535
2015,MD,Beltsville,Triticale,TriCal815,31,4/17/15,Blk4,0.363344883,14.78,26.16,42.02,71.42,202.1691233
2015,MD,Beltsville,Triticale,TriCal718,31,4/17/15,Blk1,0.74475636,15.48,28.76,48.88,73.99,194.6683731
2015,MD,Beltsville,Triticale,TriCal718,30,4/17/15,Blk2,0.424237862,17.15,27.27,46.36,77.09,208.1267364
2015,MD,Beltsville,Triticale,TriCal718,31,4/17/15,Blk3,0.515778629,16.23,27.31,46.67,76.51,203.3685482
2015,MD,Beltsville,Triticale,TriCal718,30,4/17/15,Blk4,0.18650362,21.62,23.16,40.78,71.99,199.0603621
2015,MD,Beltsville,Triticale,NE426GT,32,4/17/15,Blk1,0.731520944,13.49,27.17,46.53,76.44,204.4230587
2015,MD,Beltsville,Triticale,NE426GT,32,4/17/15,Blk2,0.437624252,14.52,27.49,48.02,78.44,213.0170551
2015,MD,Beltsville,Triticale,NE426GT,32,4/17/15,Blk3,0.495497744,14.5,27.55,48.23,79.26,212.5443292
2015,MD,Beltsville,Triticale,NE426GT,31,4/17/15,Blk4,0.544564401,16.96,25.83,45.7,76.71,202.6146784
2015,MD,Beltsville,Triticale,TriMark099,31,4/17/15,Blk1,0.504002632,16.14,25.54,43.81,74.75,210.3648572
2015,MD,Beltsville,Triticale,TriMark099,32,4/17/15,Blk2,0.344322117,17.12,24.81,41.56,73.31,210.3870278
2015,MD,Beltsville,Triticale,TriMark099,32,4/17/15,Blk3,0.516583826,20.21,25.38,43.79,79.18,204.2592552
2015,MD,Beltsville,Triticale,TriMark099,31,4/17/15,Blk4,0.279101208,20.71,22.84,40.26,72.78,199.5269126
2015,MD,Beltsville,Barley,Verdant,30,4/21/15,Blk1,0.54486635,12.75,26.99,41.69,68.06,193.3739458
2015,MD,Beltsville,Barley,Verdant,30,4/21/15,Blk2,0.268080082,12.78,26.15,38.79,69.63,200.7868214
2015,MD,Beltsville,Barley,Verdant,33,4/21/15,Blk3,0.713806623,12.15,27.3,42.2,69.15,193.4047157
2015,MD,Beltsville,Barley,Verdant,30,4/21/15,Blk4,0.527202353,17.33,24.26,39.65,67.17,187.3487486
2015,MD,Beltsville,Barley,Valor,31,4/21/15,Blk1,0.662173403,11.12,26.15,42.38,65.49,187.7178986
2015,MD,Beltsville,Barley,Valor,31,4/21/15,Blk2,0.343265297,13.12,26.06,41.27,73.37,208.3128328
2015,MD,Beltsville,Barley,Valor,34,4/21/15,Blk3,0.753663845,13.16,26.07,43.95,70.21,197.0848146
2015,MD,Beltsville,Barley,Valor,30,4/21/15,Blk4,0.558554689,11.85,26.72,41.46,75.87,202.9875299
2015,MD,Beltsville,Barley,P919,33,4/21/15,Blk1,0.556441048,12.2,26.78,42.75,77.44,205.4326853
2015,MD,Beltsville,Barley,P919,31,4/21/15,Blk2,0.555635852,11.3,25.46,39.51,73.41,206.687433
2015,MD,Beltsville,Barley,P919,39,4/21/15,Blk3,1.545121598,11.48,26.29,44.52,70.78,190.635503
2015,MD,Beltsville,Barley,P919,32,4/21/15,Blk4,0.247547573,15.59,24.13,38.43,63.75,189.3571854
2015,MD,Beltsville,Barley,Thoroughbred,33,4/21/15,Blk1,0.505210426,11.47,27.12,41.64,68.73,197.4642837
2015,MD,Beltsville,Barley,Thoroughbred,32,4/21/15,Blk2,0.559158586,11.41,26.64,42.21,69.19,195.3034292
2015,MD,Beltsville,Barley,Thoroughbred,39,4/21/15,Blk3,1.017818595,10.99,27.77,44.18,73.03,194.369009
2015,MD,Beltsville,Barley,Thoroughbred,30,4/21/15,Blk3,0.23370826,19.62,23.07,39.27,70.29,186.5923246
2015,MD,Beltsville,Cereal.rye,Huron,37,4/21/15,Blk1,0.694532234,14.07,28.37,51.3,75.02,207.3629294
2015,MD,Beltsville,Cereal.rye,Huron,37,4/21/15,Blk2,0.818683456,13.52,27.21,48.8,74.73,208.4069173
2015,MD,Beltsville,Cereal.rye,Huron,34,4/21/15,Blk3,0.910878446,13.08,29.08,51.62,76.57,210.0923966
2015,MD,Beltsville,Cereal.rye,Huron,32,4/21/15,Blk4,0.883099169,13.53,28.66,51.51,76.24,204.1289627
2015,MD,Beltsville,Cereal.rye,Spooner,36,4/21/15,Blk1,2.418608735,12.16,30.28,53.21,72.49,193.1513739
2015,MD,Beltsville,Cereal.rye,Spooner,46,4/21/15,Blk2,1.367475138,12.11,29.14,51.43,75.46,199.5425156
2015,MD,Beltsville,Cereal.rye,Spooner,37,4/21/15,Blk3,1.932370749,13.59,30.71,54.64,70.06,178.0010038
2015,MD,Beltsville,Cereal.rye,Spooner,33,4/21/15,Blk4,1.395254415,10.98,28.93,49.77,73.07,193.3164715
2015,MD,Beltsville,Cereal.rye,Aroostook,53,4/21/15,Blk1,2.626148111,11.25,35.3,59.48,64.79,157.4793434
2015,MD,Beltsville,Cereal.rye,Aroostook,41,4/21/15,Blk2,2.051388844,10.63,35.77,60.57,64.32,152.6883998
2015,MD,Beltsville,Cereal.rye,Aroostook,50,4/21/15,Blk3,2.638075083,11.64,36.27,62,63.41,149.3328825
2015,MD,Beltsville,Cereal.rye,Aroostook,37,4/21/15,Blk4,1.963219837,12.36,33.6,57.42,67.8,169.8261695
2015,MD,Beltsville,Cereal.rye,LakeviewVNS,41,4/21/15,Blk1,2.272364936,14.85,30.36,55.06,74.38,188.7714124
2015,MD,Beltsville,Cereal.rye,LakeviewVNS,39,4/21/15,Blk2,1.295862982,11.85,29.23,51.4,74.64,200.5394424
2015,MD,Beltsville,Cereal.rye,LakeviewVNS,37,4/21/15,Blk3,2.413978855,14.37,29.72,53.91,76.27,198.8771457
2015,MD,Beltsville,Cereal.rye,LakeviewVNS,32,4/21/15,Blk4,1.071364156,13.69,28.61,51.29,77.86,206.226603
2015,MD,Beltsville,Triticale,TriCal815,33,4/21/15,Blk1,1.222288159,12.03,29.03,48.72,76.08,200.3269479
2015,MD,Beltsville,Triticale,TriCal815,34,4/21/15,Blk2,0.786324625,12.04,28.5,47.53,74.64,205.3180879
2015,MD,Beltsville,Triticale,TriCal815,34,4/21/15,Blk3,0.948823327,13.13,28.77,48.33,76.19,201.3628697
2015,MD,Beltsville,Triticale,TriCal815,32,4/21/15,Blk4,0.722261185,12.78,28.25,47.06,69.55,186.3642321
2015,MD,Beltsville,Triticale,TriCal718,32,4/21/15,Blk1,0.98395002,12.56,29.68,50.38,73.85,197.2138985
2015,MD,Beltsville,Triticale,TriCal718,32,4/21/15,Blk2,0.796842503,12.45,29.11,48.8,72.6,195.145371
2015,MD,Beltsville,Triticale,TriCal718,33,4/21/15,Blk3,0.891201458,13.73,29.32,50.07,73.05,190.1589252
2015,MD,Beltsville,Triticale,TriCal718,30,4/21/15,Blk4,0.774498303,15.6,25.97,44.32,73.2,196.0153218
2015,MD,Beltsville,Triticale,NE426GT,33,4/21/15,Blk1,1.416189521,12.78,29.64,49.93,75.65,202.7488145
2015,MD,Beltsville,Triticale,NE426GT,31,4/21/15,Blk2,0.971419151,12.15,28.04,48.48,75.86,206.8929346
2015,MD,Beltsville,Triticale,NE426GT,33,4/21/15,Blk3,1.045547546,12.21,28.86,49.12,75.78,200.2543969
2015,MD,Beltsville,Triticale,NE426GT,33,4/21/15,Blk4,0.63464575,12.53,28.26,47.43,74.05,198.8610244
2015,MD,Beltsville,Triticale,TriMark099,31,4/21/15,Blk1,0.974740586,12.99,28.07,47.62,74.45,195.7678577
2015,MD,Beltsville,Triticale,TriMark099,32,4/21/15,Blk2,0.94021779,12.36,27.41,46.95,75.84,205.36608
2015,MD,Beltsville,Triticale,TriMark099,33,4/21/15,Blk3,0.933977518,16.71,26.89,46.65,78.33,201.2074414
2015,MD,Beltsville,Triticale,TriMark099,31,4/21/15,Blk4,0.795936657,15.41,25.75,44.3,75.95,204.2668433
2015,MD,Beltsville,Barley,Verdant,32,4/27/15,Blk1,0.598864834,10.11,27.47,37.54,65.09,186.5133611
2015,MD,Beltsville,Barley,Verdant,32,4/27/15,Blk2,0.910878446,11.31,26.88,38.78,69.28,192.0532988
2015,MD,Beltsville,Barley,Verdant,32,4/27/15,Blk3,1.011527998,10.59,27.08,40.78,71.44,193.8889576
2015,MD,Beltsville,Barley,Verdant,32,4/27/15,Blk4,0.508280238,13.83,26.54,38.69,66.49,186.3641557
2015,MD,Beltsville,Barley,Valor,33,4/27/15,Blk1,1.348703997,8.63,27.74,42.67,67.87,173.0465248
2015,MD,Beltsville,Barley,Valor,33,4/27/15,Blk2,0.759904118,9.63,26.26,37.63,65.46,182.9527407
2015,MD,Beltsville,Barley,Valor,33,4/27/15,Blk3,1.444321071,NA,NA,NA,NA,NA
2015,MD,Beltsville,Barley,Valor,33,4/27/15,Blk4,0.98636561,10.33,27.48,44.68,68.12,180.5763954
2015,MD,Beltsville,Barley,P919,33,4/27/15,Blk1,1.328574086,10.65,26.12,42.09,73.96,196.9777744
2015,MD,Beltsville,Barley,P919,33,4/27/15,Blk2,1.469483459,10.55,26.5,40.28,64.56,179.7570903
2015,MD,Beltsville,Barley,P919,33,4/27/15,Blk3,0.885716058,9.22,26.45,41.03,70.73,184.9136482
2015,MD,Beltsville,Barley,P919,33,4/27/15,Blk4,0.447890506,12.63,24.59,37.01,64.83,190.906633
2015,MD,Beltsville,Barley,Thoroughbred,34,4/27/15,Blk1,1.680847518,11.44,27.49,46.87,78.09,211.2266209
2015,MD,Beltsville,Barley,Thoroughbred,33,4/27/15,Blk2,0.603897312,10.22,26.82,39.53,61.87,184.2481506
2015,MD,Beltsville,Barley,Thoroughbred,33,4/27/15,Blk3,1.746269727,10.13,27.58,44.23,70.2,186.4116388
2015,MD,Beltsville,Barley,Thoroughbred,33,4/27/15,Blk4,0.468020417,14.88,25.26,38.03,71.19,193.9306616
2015,MD,Beltsville,Cereal.rye,Huron,34,4/27/15,Blk1,1.846919279,12.31,28.94,50.76,73.84,195.8530489
2015,MD,Beltsville,Cereal.rye,Huron,34,4/27/15,Blk2,1.816724414,10.88,29.33,48.99,71.32,190.10283
2015,MD,Beltsville,Cereal.rye,Huron,33,4/27/15,Blk3,1.821756891,12.25,31.92,55.23,69.49,179.3759037
2015,MD,Beltsville,Cereal.rye,Huron,37,4/27/15,Blk4,1.78149707,11.36,29.81,50.81,70.95,185.7374245
2015,MD,Beltsville,Cereal.rye,Spooner,39,4/27/15,Blk1,2.631985785,10.89,31.36,53.51,68.97,180.1199916
2015,MD,Beltsville,Cereal.rye,Spooner,37,4/27/15,Blk2,1.716074862,10.81,30.62,51.84,69.38,180.4279719
2015,MD,Beltsville,Cereal.rye,Spooner,39,4/27/15,Blk3,1.977763697,11.95,31.53,54.21,68.84,175.1270415
2015,MD,Beltsville,Cereal.rye,Spooner,37,4/27/15,Blk4,2.325004651,10.59,31.35,53.19,67.14,169.9454303
2015,MD,Beltsville,Cereal.rye,Aroostook,57,4/27/15,Blk1,2.39042686,9.53,38.32,63.16,57.15,125.3126664
2015,MD,Beltsville,Cereal.rye,Aroostook,57,4/27/15,Blk2,3.391889902,8.92,38.91,63.98,58.21,126.5877206
2015,MD,Beltsville,Cereal.rye,Aroostook,57,4/27/15,Blk3,2.24448501,9.95,39.39,65.22,56.85,121.2537929
2015,MD,Beltsville,Cereal.rye,Aroostook,57,4/27/15,Blk4,1.771432115,10.99,36.11,60.5,61.42,140.8941694
2015,MD,Beltsville,Cereal.rye,LakeviewVNS,41,4/27/15,Blk1,2.938966918,12.19,32.98,57.47,69.63,171.5826193
2015,MD,Beltsville,Cereal.rye,LakeviewVNS,41,4/27/15,Blk2,1.273216833,11.53,28.84,49.66,73.3,197.0546363
2015,MD,Beltsville,Cereal.rye,LakeviewVNS,39,4/27/15,Blk3,2.989291694,12.67,32.74,57.05,69.99,175.6778068
2015,MD,Beltsville,Cereal.rye,LakeviewVNS,33,4/27/15,Blk4,0.946105789,13.88,29.33,50.52,74.04,194.9939107
2015,MD,Beltsville,Triticale,TriCal815,34,4/27/15,Blk1,2.01299104,11.01,30.46,50.04,72.43,190.0712961
2015,MD,Beltsville,Triticale,TriCal815,33,4/27/15,Blk2,1.776464593,11.52,29.59,48.48,74.37,202.0137141
2015,MD,Beltsville,Triticale,TriCal815,33,4/27/15,Blk3,1.78149707,11.81,30.23,49.85,72.37,188.555856
2015,MD,Beltsville,Triticale,TriCal815,33,4/27/15,Blk4,1.051787818,11.08,30.38,49.05,72.42,184.6533134
2015,MD,Beltsville,Triticale,TriCal718,34,4/27/15,Blk1,2.425654203,11.09,30.56,50.74,69.59,180.9509566
2015,MD,Beltsville,Triticale,TriCal718,33,4/27/15,Blk2,1.736204772,11.15,29.94,47.84,69.54,185.5448011
2015,MD,Beltsville,Triticale,TriCal718,33,4/27/15,Blk3,2.325004651,13.08,30.31,50.06,70.29,178.9617279
2015,MD,Beltsville,Triticale,TriCal718,33,4/27/15,Blk4,0.86055367,13.04,28.18,45.66,74.1,196.6663639
2015,MD,Beltsville,Triticale,NE426GT,34,4/27/15,Blk1,1.731172294,10.63,29.52,48.7,71.11,185.5236943
2015,MD,Beltsville,Triticale,NE426GT,34,4/27/15,Blk2,2.234420054,10.93,29.87,48.21,69.81,187.6053715
2015,MD,Beltsville,Triticale,NE426GT,33,4/27/15,Blk3,1.972731219,11.62,31.15,51.07,68.45,175.4634361
2015,MD,Beltsville,Triticale,NE426GT,33,4/27/15,Blk4,0.865586147,11.11,29.36,47.63,71.8,189.5591128
2015,MD,Beltsville,Triticale,TriMark099,34,4/27/15,Blk1,1.902276533,12.07,30.09,49.83,70.38,184.136733
2015,MD,Beltsville,Triticale,TriMark099,33,4/27/15,Blk2,1.117210027,11.45,28.75,46.6,66.03,179.2278605
2015,MD,Beltsville,Triticale,TriMark099,33,4/27/15,Blk3,0.769969073,14.83,27.64,46.16,71.91,193.7955897
2015,MD,Beltsville,Triticale,TriMark099,33,4/27/15,Blk4,1.076950206,12.73,28.15,45.79,72.94,191.8893486
2015,MD,Beltsville,Barley,Verdant,41,5/1/15,Blk1,1.097080117,11.25,27.76,43.65,71.33,197.9802176
2015,MD,Beltsville,Barley,Verdant,47,5/1/15,Blk2,1.232957012,9.67,26.7,41.43,68.58,181.4901133
2015,MD,Beltsville,Barley,Verdant,47,5/1/15,Blk3,1.570133011,9.9,29.1,42.88,69.21,190.2974043
2015,MD,Beltsville,Barley,Verdant,37,5/1/15,Blk4,0.77500155,11.4,27.11,40.21,71.44,192.6056177
2015,MD,Beltsville,Barley,Valor,50,5/1/15,Blk1,1.232957012,9.92,29.26,49.92,76.99,196.1678706
2015,MD,Beltsville,Barley,Valor,47,5/1/15,Blk2,1.38393134,10.15,28.93,46.58,72.05,188.5742752
2015,MD,Beltsville,Barley,Valor,47,5/1/15,Blk3,2.330037129,10.32,31.35,51.45,72.43,179.1321236
2015,MD,Beltsville,Barley,Valor,45,5/1/15,Blk4,2.007958562,10.39,30.82,48.95,67.09,171.7331394
2015,MD,Beltsville,Barley,P919,47,5/1/15,Blk1,1.575165489,10.44,28.46,45.39,72.59,193.4921992
2015,MD,Beltsville,Barley,P919,47,5/1/15,Blk2,1.323541609,9.51,27.13,43.34,72.12,194.3819582
2015,MD,Beltsville,Barley,P919,49,5/1/15,Blk3,2.878577187,8.73,29.46,48.03,72.72,177.2876224
2015,MD,Beltsville,Barley,P919,41,5/1/15,Blk4,1.746269727,11.39,26.54,42.55,73.23,197.8580238
2015,MD,Beltsville,Barley,Thoroughbred,50,5/1/15,Blk1,2.506173845,12.29,31.27,52.58,73.92,190.1112446
2015,MD,Beltsville,Barley,Thoroughbred,41,5/1/15,Blk2,1.610392832,10.37,28.36,46.61,62.72,174.7061679
2015,MD,Beltsville,Barley,Thoroughbred,47,5/1/15,Blk3,2.24448501,11.32,31.45,53.74,73.51,183.9954111
2015,MD,Beltsville,Barley,Thoroughbred,47,5/1/15,Blk4,0.915910923,12.29,27.22,40.71,68.02,186.8723916
2015,MD,Beltsville,Cereal.rye,Huron,38,5/1/15,Blk1,2.148867935,12.43,35.16,60.51,67.15,159.8548182
2015,MD,Beltsville,Cereal.rye,Huron,47,5/1/15,Blk2,2.546433666,10.7,31.4,53.48,69.97,182.4032363
2015,MD,Beltsville,Cereal.rye,Huron,47,5/1/15,Blk3,2.742700292,11.56,31.86,55.09,69.43,178.5539154
2015,MD,Beltsville,Cereal.rye,Huron,47,5/1/15,Blk4,1.333606564,8.85,28.14,42.62,65.39,170.7494859
2015,MD,Beltsville,Cereal.rye,Spooner,47,5/1/15,Blk1,3.16542841,11,36.35,61.47,64.64,150.1181375
2015,MD,Beltsville,Cereal.rye,Spooner,47,5/1/15,Blk2,2.340102084,10.17,33.12,55.68,65.94,164.4236888
2015,MD,Beltsville,Cereal.rye,Spooner,47,5/1/15,Blk3,2.687343038,12.06,34.63,59.43,65.45,157.4674497
2015,MD,Beltsville,Cereal.rye,Spooner,41,5/1/15,Blk4,1.580197966,11.5,31.37,52.1,70.05,175.9260295
2015,MD,Beltsville,Cereal.rye,Aroostook,57,5/1/15,Blk1,2.969161784,9.78,43.57,69.77,52.34,97.99524645
2015,MD,Beltsville,Cereal.rye,Aroostook,57,5/1/15,Blk2,3.955527394,9.29,44.32,70.69,51.97,94.96951188
2015,MD,Beltsville,Cereal.rye,Aroostook,55,5/1/15,Blk3,2.702440471,9.61,42.83,68.51,53.31,104.163095
2015,MD,Beltsville,Cereal.rye,Aroostook,53,5/1/15,Blk4,3.547896708,10.66,42.93,68.48,52.95,100.456141
2015,MD,Beltsville,Cereal.rye,LakeviewVNS,49,5/1/15,Blk1,3.658611215,11.98,35.76,62.19,65.02,147.7571074
2015,MD,Beltsville,Cereal.rye,LakeviewVNS,47,5/1/15,Blk2,1.836854324,12.52,35.92,61.84,65.97,152.2686419
2015,MD,Beltsville,Cereal.rye,LakeviewVNS,47,5/1/15,Blk2,3.175493366,11.24,33.39,57.59,67.97,169.3521846
2015,MD,Beltsville,Cereal.rye,LakeviewVNS,47,5/1/15,Blk4,0.946105789,11.5,31.24,51.09,69.78,177.3735622
2015,MD,Beltsville,Triticale,TriCal815,35,5/1/15,Blk1,2.531336233,11.97,33.61,55.18,68.64,170.3377546
2015,MD,Beltsville,Triticale,TriCal815,39,5/1/15,Blk3,2.41055677,11.54,34.04,55.71,69.21,166.1473202
2015,MD,Beltsville,Triticale,TriCal815,40,5/1/15,Blk4,2.470946502,12.18,33.34,57.7,67.43,168.2938786
2015,MD,Beltsville,Triticale,TriCal718,41,5/1/15,Blk1,2.380361905,11.59,35.59,57.19,63.78,148.8779516
2015,MD,Beltsville,Triticale,TriCal815,37,5/1/15,Blk2,1.821756891,10.54,31.18,50.46,70.09,184.1928102
2015,MD,Beltsville,Triticale,TriCal718,37,5/1/15,Blk2,1.972731219,11.21,31.39,51.84,69.32,180.1719197
2015,MD,Beltsville,Triticale,TriCal718,38,5/1/15,Blk3,2.289777308,12.77,32.09,53.01,69.88,178.4296676
2015,MD,Beltsville,Triticale,TriCal718,38,5/1/15,Blk4,1.464450982,12.74,29.07,47.52,72.12,190.4295684
2015,MD,Beltsville,Triticale,NE426GT,36,5/1/15,Blk1,1.736204772,11.21,32.37,53.9,68.14,176.6043169
2015,MD,Beltsville,Triticale,NE426GT,39,5/1/15,Blk2,2.868512232,10.68,31.46,52.5,70.76,184.2598458
2015,MD,Beltsville,Triticale,NE426GT,47,5/1/15,Blk3,2.375329427,11.16,32.16,53.57,68.72,172.5439427
2015,MD,Beltsville,Triticale,NE426GT,41,5/1/15,Blk4,2.405524293,10.55,33.71,56.49,66.19,165.8153753
2015,MD,Beltsville,Triticale,TriMark099,41,5/1/15,Blk1,2.028088473,11.77,31.42,52,69.77,176.9275354
2015,MD,Beltsville,Triticale,TriMark099,41,5/1/15,Blk2,2.194160234,11.59,33.53,55.87,67.26,164.3773558
2015,MD,Beltsville,Triticale,TriMark099,40,5/1/15,Blk3,1.746269727,12.12,29.07,46.32,69.13,187.1701805
2015,MD,Beltsville,Triticale,TriMark099,38,5/1/15,Blk4,1.313476654,12.26,29.87,51.25,70.09,182.4880495
2015,MD,Beltsville,Barley,Verdant,49,5/5/15,Blk1,2.03312095,10.27,28.74,44.09,73.86,198.7716203
2015,MD,Beltsville,Barley,Verdant,49,5/5/15,Blk2,1.932471398,8.63,30.24,43.21,65.33,171.3002373
2015,MD,Beltsville,Barley,Verdant,45,5/5/15,Blk3,1.660717608,10.57,29.49,44.82,67.94,181.155538
2015,MD,Beltsville,Barley,Verdant,40,5/5/15,Blk4,1.298379221,10.04,28.62,40.67,70.52,187.3316378
2015,MD,Beltsville,Barley,Valor,62,5/5/15,Blk1,1.766399638,9.48,34.05,56.62,66.87,163.7312047
2015,MD,Beltsville,Barley,Valor,60,5/5/15,Blk2,2.335069606,9.47,33.98,56.07,66.47,159.9272984
2015,MD,Beltsville,Barley,Valor,63,5/5/15,Blk3,2.672245606,9.73,35.82,58.57,64.49,150.7921286
2015,MD,Beltsville,Barley,Valor,62,5/5/15,Blk4,2.01299104,8.88,33.68,55.24,65.45,155.6223267
2015,MD,Beltsville,Barley,P919,60,5/5/15,Blk1,2.304874741,9.81,35.82,58.2,64.36,151.0443787
2015,MD,Beltsville,Barley,P919,62,5/5/15,Blk2,1.414126206,9.45,31.28,50.53,70.91,184.7979449
2015,MD,Beltsville,Barley,P919,63,5/5/15,Blk3,2.475978979,8.32,37.18,60.66,63.11,141.5847528
2015,MD,Beltsville,Barley,P919,59,5/5/15,Blk4,2.89367462,9.74,31.32,50.69,71.04,177.6300856
2015,MD,Beltsville,Barley,Thoroughbred,62,5/5/15,Blk1,4.020949602,10.27,39.27,65.75,62.14,131.2298336
2015,MD,Beltsville,Barley,Thoroughbred,60,5/5/15,Blk2,2.038153428,NA,NA,NA,NA,NA
2015,MD,Beltsville,Barley,Thoroughbred,60,5/5/15,Blk3,2.440751636,10.7,35.76,63.07,63.76,143.7506684
2015,MD,Beltsville,Barley,Thoroughbred,49,5/5/15,Blk4,2.340102084,10.45,29.99,47.36,72.25,183.1743799
2015,MD,Beltsville,Cereal.rye,Huron,49,5/5/15,Blk1,2.148867935,10.9,36.34,62.45,63.59,149.4430512
2015,MD,Beltsville,Cereal.rye,Huron,53,5/5/15,Blk2,2.123705547,NA,NA,NA,NA,NA
2015,MD,Beltsville,Cereal.rye,Huron,53,5/5/15,Blk3,4.136696587,10.66,36.9,63.36,62.8,144.1108375
2015,MD,Beltsville,Cereal.rye,Huron,49,5/5/15,Blk4,3.331500171,NA,NA,NA,NA,NA
2015,MD,Beltsville,Cereal.rye,Spooner,59,5/5/15,Blk1,4.25747605,NA,NA,NA,NA,NA
2015,MD,Beltsville,Cereal.rye,Spooner,57,5/5/15,Blk2,3.175493366,9.66,38.05,63.68,59.96,131.5271337
2015,MD,Beltsville,Cereal.rye,Spooner,57,5/5/15,Blk3,3.719000946,10.13,40.04,67.05,59.16,124.4855112
2015,MD,Beltsville,Cereal.rye,Spooner,55,5/5/15,Blk4,3.447247156,10.52,37.66,62.51,59.19,131.6429563
2015,MD,Beltsville,Cereal.rye,Aroostook,59,5/5/15,Blk1,4.428580288,8.57,46.08,72.57,50.09,87.13225094
2015,MD,Beltsville,Cereal.rye,Aroostook,59,5/5/15,Blk2,4.936860526,8.02,47.14,73.37,49.33,81.88635506
2015,MD,Beltsville,Cereal.rye,Aroostook,59,5/5/15,Blk3,4.785886198,8.1,45.93,71.69,50.02,88.06319911
2015,MD,Beltsville,Cereal.rye,Aroostook,59,5/5/15,Blk4,4.660074258,9.15,46.93,73.33,48.66,79.43658395
2015,MD,Beltsville,Cereal.rye,LakeviewVNS,57,5/5/15,Blk1,4.267541005,10.14,41.04,68.57,59.87,122.233881
2015,MD,Beltsville,Cereal.rye,LakeviewVNS,58,5/5/15,Blk2,3.049681426,NA,NA,NA,NA,NA
2015,MD,Beltsville,Cereal.rye,LakeviewVNS,57,5/5/15,Blk3,4.020949602,10.93,41.69,69.17,56.84,109.2253046
2015,MD,Beltsville,Cereal.rye,LakeviewVNS,57,5/5/15,Blk4,2.742700292,11.16,36.74,62.08,62.1,142.6164988
2015,MD,Beltsville,Triticale,TriCal815,49,5/5/15,Blk1,3.044648948,10.07,34.74,56.52,63.93,153.8732732
2015,MD,Beltsville,Triticale,TriCal815,49,5/5/15,Blk2,2.123705547,10.2,35.24,57.13,66.44,164.5778703
2015,MD,Beltsville,Triticale,TriCal815,48,5/5/15,Blk3,3.66867617,10.26,35.36,57.97,63.82,150.112874
2015,MD,Beltsville,Triticale,TriCal815,49,5/5/15,Blk4,2.234420054,10.21,33.42,54.57,66.33,164.1426264
2015,MD,Beltsville,Triticale,TriCal718,48,5/5/15,Blk1,2.727602859,9.18,34.52,54.96,64.5,158.4135745
2015,MD,Beltsville,Triticale,TriCal718,48,5/5/15,Blk2,2.279712353,10.66,34.79,55.87,65.21,161.1986342
2015,MD,Beltsville,Triticale,TriCal718,48,5/5/15,Blk3,3.130201067,NA,NA,NA,NA,NA
2015,MD,Beltsville,Triticale,TriCal718,47,5/5/15,Blk4,2.395459338,12.07,34.12,55.65,66.05,159.7104798
2015,MD,Beltsville,Triticale,NE426GT,50,5/5/15,Blk1,3.210720709,9.67,35.21,58.3,62.82,150.4984636
2015,MD,Beltsville,Triticale,NE426GT,50,5/5/15,Blk2,3.432149723,9.82,35.18,58.52,65.17,159.136765
2015,MD,Beltsville,Triticale,NE426GT,49,5/5/15,Blk3,3.512669365,10.5,35.53,58.7,63.64,150.9137392
2015,MD,Beltsville,Triticale,NE426GT,49,5/5/15,Blk4,2.823219934,9.4,33.57,54.69,64.29,156.2640055
2015,MD,Beltsville,Triticale,TriMark099,49,5/5/15,Blk1,4.433612766,NA,NA,NA,NA,NA
2015,MD,Beltsville,Triticale,TriMark099,49,5/5/15,Blk2,2.088478204,10.65,34.02,55.66,64.45,160.1021064
2015,MD,Beltsville,Triticale,TriMark099,49,5/5/15,Blk3,2.209257666,11.43,34.71,56.87,65.67,155.6880636
2015,MD,Beltsville,Triticale,TriMark099,48,5/5/15,Blk4,2.325004651,13.35,31.27,51.86,69.99,181.2175227
2015,MD,Beltsville,Barley,Verdant,59,5/11/15,Blk1,4.078319847,8.49,34.61,55.52,67.16,160.6055722
2015,MD,Beltsville,Barley,Verdant,60,5/11/15,Blk2,3.022002799,8.64,32.84,51.35,69.93,173.7270537
2015,MD,Beltsville,Barley,Verdant,59,5/11/15,Blk3,3.735608122,9.27,33.99,54.46,67.45,160.1403298
2015,MD,Beltsville,Barley,Verdant,55,5/11/15,Blk4,2.981742978,8.13,31.34,46.91,71.15,175.7964489
2015,MD,Beltsville,Barley,Valor,70,5/11/15,Blk1,2.939470166,7.4,38,58.81,58.89,137.8731758
2015,MD,Beltsville,Barley,Valor,65,5/11/15,Blk2,2.692375516,8.96,37.16,60.41,60.25,138.0333215
2015,MD,Beltsville,Barley,Valor,70,5/11/15,Blk3,4.771292013,8.53,37.69,59.79,57.19,128.6695318
2015,MD,Beltsville,Barley,Valor,65,5/11/15,Blk4,2.386904126,8.7,35.83,57.19,59.37,140.7801232
2015,MD,Beltsville,Barley,P919,70,5/11/15,Blk1,4.699830831,9.64,39.92,64.91,58.2,125.075628
2015,MD,Beltsville,Barley,P919,70,5/11/15,Blk2,2.919843504,7.95,35.1,53.75,64.74,161.1806187
2015,MD,Beltsville,Barley,P919,70,5/11/15,Blk3,3.629926093,7.35,37.8,57.94,58.38,132.0503946
2015,MD,Beltsville,Barley,P919,69,5/11/15,Blk4,2.774404901,7.25,37.39,58.3,61.16,140.212301
2015,MD,Beltsville,Barley,Thoroughbred,71,5/11/15,Blk1,4.586096837,8.34,39.67,64.59,56.72,122.209177
2015,MD,Beltsville,Barley,Thoroughbred,69,5/11/15,Blk2,2.342115075,9.08,34.86,57.2,61.52,152.1136319
2015,MD,Beltsville,Barley,Thoroughbred,69,5/11/15,Blk3,3.605266953,8.99,37.25,60.5,58,131.5690368
2015,MD,Beltsville,Barley,Thoroughbred,69,5/11/15,Blk4,3.746176325,9.5,35.93,59.49,62.62,145.5017872
2015,MD,Beltsville,Cereal.rye,Huron,60,5/11/15,Blk1,5.302721647,9.86,41.59,69.21,56.11,110.544026
2015,MD,Beltsville,Cereal.rye,Huron,60,5/11/15,Blk2,3.252993521,8.53,41.55,68.9,56.37,110.7056721
2015,MD,Beltsville,Cereal.rye,Huron,59,5/11/15,Blk3,6.029411413,9.61,41.19,68.57,57.91,118.7542272
2015,MD,Beltsville,Cereal.rye,Huron,60,5/11/15,Blk4,4.540301291,9.39,41.52,68.84,56.76,115.8497836
2015,MD,Beltsville,Cereal.rye,Spooner,65,5/11/15,Blk1,6.425970647,8.5,44.22,71.77,53.11,97.48791262
2015,MD,Beltsville,Cereal.rye,Spooner,65,5/11/15,Blk2,5.538241599,8.6,44.33,72.07,54.06,100.2243654
2015,MD,Beltsville,Cereal.rye,Spooner,67,5/11/15,Blk3,6.079232941,9.5,44.1,71.82,52.91,96.60815811
2015,MD,Beltsville,Cereal.rye,Spooner,65,5/11/15,Blk4,5.151747319,7.4,47.75,76.17,49.77,77.58715599
2015,MD,Beltsville,Cereal.rye,Aroostook,67,5/11/15,Blk1,6.614688557,6.1,51.82,79.29,47.41,61.42593034
2015,MD,Beltsville,Cereal.rye,Aroostook,67,5/11/15,Blk2,5.890011783,5.12,53.98,81.97,45.35,50.04290287
2015,MD,Beltsville,Cereal.rye,Aroostook,67,5/11/15,Blk3,6.372626385,5.13,53.32,80.89,45.59,53.88912426
2015,MD,Beltsville,Cereal.rye,Aroostook,65,5/11/15,Blk4,5.322851558,5.88,53.11,81.05,45.07,52.56826651
2015,MD,Beltsville,Cereal.rye,LakeviewVNS,65,5/11/15,Blk1,4.673661947,8.55,45.7,74.22,54.51,94.07670957
2015,MD,Beltsville,Cereal.rye,LakeviewVNS,65,5/11/15,Blk2,3.979683286,7.89,44.84,72.95,54.21,95.52403303
2015,MD,Beltsville,Cereal.rye,LakeviewVNS,67,5/11/15,Blk3,5.910141693,7.82,47.17,75.93,50.52,81.32028085
2015,MD,Beltsville,Cereal.rye,LakeviewVNS,65,5/11/15,Blk4,3.352133329,9.81,41.99,69.25,56.58,111.345805
2015,MD,Beltsville,Triticale,TriCal815,59,5/11/15,Blk1,3.528270045,9.39,39.27,63.68,57.07,124.4291938
2015,MD,Beltsville,Triticale,TriCal815,59,5/11/15,Blk2,4.825642771,8.69,39.85,64.93,59.23,127.8623262
2015,MD,Beltsville,Triticale,TriCal815,59,5/11/15,Blk3,3.502101162,8.57,41,66.75,56.96,115.5870417
2015,MD,Beltsville,Triticale,TriCal815,59,5/11/15,Blk4,3.920803298,8.62,39.56,63.98,57.81,124.5410991
2015,MD,Beltsville,Triticale,TriCal718,57,5/11/15,Blk1,3.305834535,8.28,41.26,66.62,56.61,115.5295273
2015,MD,Beltsville,Triticale,TriCal718,57,5/11/15,Blk2,4.546843512,8.66,41.39,67.33,57.95,121.2185697
2015,MD,Beltsville,Triticale,TriCal718,59,5/11/15,Blk3,4.352086628,9.42,39.46,64.6,58.29,125.8917124
2015,MD,Beltsville,Triticale,TriCal718,57,5/11/15,Blk4,4.938873517,8.45,38.46,58.76,59.31,133.4044257
2015,MD,Beltsville,Triticale,NE426GT,60,5/11/15,Blk1,4.001826188,8.42,39.95,64.76,57.09,120.1764161
2015,MD,Beltsville,Triticale,NE426GT,59,5/11/15,Blk2,4.418515333,8.27,40.48,65.55,56.36,120.2887839
2015,MD,Beltsville,Triticale,NE426GT,60,5/11/15,Blk3,5.253906614,8.5,40.12,64.98,57.12,120.5062506
2015,MD,Beltsville,Triticale,NE426GT,59,5/11/15,Blk4,3.680250869,8.69,39.75,64.65,56.45,118.8923457
2015,MD,Beltsville,Triticale,TriMark099,59,5/11/15,Blk1,5.936310577,8.35,39.85,64.47,55.89,116.8640433
2015,MD,Beltsville,Triticale,TriMark099,59,5/11/15,Blk2,4.004342426,8.88,39.08,64.01,56.53,126.1378385
2015,MD,Beltsville,Triticale,TriMark099,59,5/11/15,Blk3,2.873041462,10.22,37.44,61.06,57.74,130.415378
2015,MD,Beltsville,Triticale,TriMark099,59,5/11/15,Blk4,4.624846914,8.99,37.39,60.38,57.59,132.7980991
2015,MD,Beltsville,Barley,Verdant,78,5/15/15,Blk1,2.609339636,8.66,34.73,56.43,66.48,161.4035661
2015,MD,Beltsville,Barley,Verdant,70,5/15/15,Blk2,3.643513782,8.51,32.91,52.98,67.08,164.3984293
2015,MD,Beltsville,Barley,Verdant,69,5/15/15,Blk3,5.695758148,7.79,34.17,53.98,65.38,154.4231652
2015,MD,Beltsville,Barley,Verdant,60,5/15/15,Blk4,3.984212516,7.73,31.81,49.25,70.85,172.7431703
2015,MD,Beltsville,Barley,Valor,84,5/15/15,Blk1,3.483480995,7.86,36.3,56.31,57.84,139.0943957
2015,MD,Beltsville,Barley,Valor,83,5/15/15,Blk2,3.50914663,8.06,36.86,58,57.7,135.4233761
2015,MD,Beltsville,Barley,Valor,75,5/15/15,Blk3,4.550869494,8.17,35.22,54.15,59.26,145.0752114
2015,MD,Beltsville,Barley,Valor,83,5/15/15,Blk4,2.87354471,7.6,34.63,53.13,60.3,147.8488442
2015,MD,Beltsville,Barley,P919,84,5/15/15,Blk1,5.352543175,7.68,36.22,54.75,59.55,145.7422873
2015,MD,Beltsville,Barley,P919,80,5/15/15,Blk2,3.534309018,6.52,34.76,51.72,60.15,144.447337
2015,MD,Beltsville,Barley,P919,77,5/15/15,Blk3,4.245901351,7.01,33.06,48.74,57.95,150.1775756
2015,MD,Beltsville,Barley,P919,78,5/15/15,Blk4,3.463351084,7.51,35.15,53.7,60.79,147.8874149
2015,MD,Beltsville,Barley,Thoroughbred,85,5/15/15,Blk1,3.434162714,8.48,34.8,55.87,59.61,145.6925554
2015,MD,Beltsville,Barley,Thoroughbred,83,5/15/15,Blk2,2.795038059,8.13,34.89,56.75,58.69,141.8971932
2015,MD,Beltsville,Barley,Thoroughbred,77,5/15/15,Blk3,3.109064661,8.61,33.74,53.95,61.03,149.7974695
2015,MD,Beltsville,Barley,Thoroughbred,71,5/15/15,Blk4,5.035497087,8.46,35.9,57.78,58.37,136.6885602
2015,MD,Beltsville,Cereal.rye,Huron,65,5/15/15,Blk1,4.141729065,7.77,44.45,72.31,53.01,97.60895735
2015,MD,Beltsville,Cereal.rye,Huron,65,5/15/15,Blk2,4.057686689,6.68,44.87,72.46,52.76,90.81210263
2015,MD,Beltsville,Cereal.rye,Huron,65,5/15/15,Blk3,5.13815963,7.33,45.1,72.21,54.73,96.92045551
2015,MD,Beltsville,Cereal.rye,Huron,65,5/15/15,Blk4,5.37166659,7.73,42.22,70.08,56.65,109.2815667
2015,MD,Beltsville,Cereal.rye,Spooner,68,5/15/15,Blk1,5.382738041,6.6,47.62,75.36,51.43,83.63425359
2015,MD,Beltsville,Cereal.rye,Spooner,69,5/15/15,Blk2,3.469390057,7.21,45.33,72.86,51.3,91.06323727
2015,MD,Beltsville,Cereal.rye,Spooner,61,5/15/15,Blk3,5.790368727,6.62,49.06,76.32,47.93,72.60789272
2015,MD,Beltsville,Cereal.rye,Spooner,67,5/15/15,Blk4,5.742056942,6.3,48.85,75.87,47.02,69.32866301
2015,MD,Beltsville,Cereal.rye,Aroostook,71,5/15/15,Blk1,6.801393476,5.48,50.24,75.44,46.15,66.29491013
2015,MD,Beltsville,Cereal.rye,Aroostook,71,5/15/15,Blk2,5.044555546,4.8,50.56,75.9,46.63,64.70479783
2015,MD,Beltsville,Cereal.rye,Aroostook,70,5/15/15,Blk3,5.650969097,5.57,48.79,73.46,45.91,70.4571878
2015,MD,Beltsville,Cereal.rye,Aroostook,71,5/15/15,Blk4,6.555305322,4.96,50.99,76.29,46.1,62.61989536
2015,MD,Beltsville,Cereal.rye,LakeviewVNS,68,5/15/15,Blk1,7.108877858,7.06,47.44,75.57,52.79,86.78463602
2015,MD,Beltsville,Cereal.rye,LakeviewVNS,67,5/15/15,Blk2,3.29124035,NA,NA,NA,NA,NA
2015,MD,Beltsville,Cereal.rye,LakeviewVNS,65,5/15/15,Blk3,4.528223344,6.53,48.41,76.15,51.09,78.63860357
2015,MD,Beltsville,Cereal.rye,LakeviewVNS,63,5/15/15,Blk4,4.546843512,7.9,43.4,70.14,55.13,105.1714719
2015,MD,Beltsville,Triticale,TriCal815,67,5/15/15,Blk1,4.981649576,8.44,41.58,66.99,55.7,113.2967907
2015,MD,Beltsville,Triticale,TriCal815,67,5/15/15,Blk2,5.894541013,7.98,39.83,64.84,58.77,130.6190796
2015,MD,Beltsville,Triticale,TriCal815,67,5/15/15,Blk3,4.3359827,8.46,39.88,63.92,56.98,120.4277459
2015,MD,Beltsville,Triticale,TriCal815,67,5/15/15,Blk4,5.09538357,7.55,41.06,65.63,54.2,111.2357929
2015,MD,Beltsville,Triticale,TriCal718,61,5/15/15,Blk1,6.670549059,8.42,40.91,66.11,57.83,121.0551376
2015,MD,Beltsville,Triticale,TriCal718,62,5/15/15,Blk2,3.451273138,7.57,43.26,69.21,54.8,108.2365898
2015,MD,Beltsville,Triticale,TriCal718,60,5/15/15,Blk3,4.199602557,8.51,41.67,67.18,55.82,111.1489194
2015,MD,Beltsville,Triticale,TriCal718,60,5/15/15,Blk4,5.011844442,7.4,42.64,68.43,53.17,103.2076536
2015,MD,Beltsville,Triticale,NE426GT,67,5/15/15,Blk1,7.738944053,7.73,40.86,65.36,55.54,116.8164999
2015,MD,Beltsville,Triticale,NE426GT,67,5/15/15,Blk2,4.359132097,7,41.81,66.16,53.48,110.1751998
2015,MD,Beltsville,Triticale,NE426GT,67,5/15/15,Blk3,3.851355107,8.29,39.63,63.6,55.24,118.1280259
2015,MD,Beltsville,Triticale,NE426GT,65,5/15/15,Blk4,5.652982088,7.24,41.93,66.06,52.79,106.0405858
2015,MD,Beltsville,Triticale,TriMark099,65,5/15/15,Blk1,3.036093736,7.58,39.09,62.09,56.1,126.6137556
2015,MD,Beltsville,Triticale,TriMark099,67,5/15/15,Blk2,3.95401765,7.75,40.56,65.3,54.82,114.494353
2015,MD,Beltsville,Triticale,TriMark099,65,5/15/15,Blk3,5.134133648,8.5,40.45,64.13,54.09,113.0442474
2015,MD,Beltsville,Triticale,TriMark099,63,5/15/15,Blk4,6.593552152,8.03,39.62,63.09,55.17,118.6641469
2015,MD,Beltsville,Barley,Verdant,83,5/21/15,Blk1,4.029504814,8.44,37.38,60.48,61.3,138.5330111
2015,MD,Beltsville,Barley,Verdant,85,5/21/15,Blk2,4.81910055,7.05,37.68,60.37,59.42,128.4245019
2015,MD,Beltsville,Barley,Verdant,84,5/21/15,Blk3,5.721927031,7.07,37.06,58.86,59.21,131.889936
2015,MD,Beltsville,Barley,Verdant,84,5/21/15,Blk4,5.65700807,7.34,38.46,61.81,59.24,126.5292664
2015,MD,Beltsville,Barley,Valor,86,5/21/15,Blk1,4.164375214,6.83,37.16,58.1,56.59,131.087276
2015,MD,Beltsville,Barley,Valor,85,5/21/15,Blk2,4.311826808,6.78,36.33,55.71,54.89,128.3942567
2015,MD,Beltsville,Barley,Valor,86,5/21/15,Blk3,NA,7.16,34.09,51.76,58.73,147.3537408
2015,MD,Beltsville,Barley,Valor,86,5/21/15,Blk4,4.554895476,6.82,36.04,55.81,55.38,127.75447
2015,MD,Beltsville,Barley,P919,85,5/21/15,Blk1,5.958453478,6.44,36.6,55.92,55.6,129.6251021
2015,MD,Beltsville,Barley,P919,86,5/21/15,Blk2,4.69328861,7.01,36.49,57.16,58.38,139.2237698
2015,MD,Beltsville,Barley,P919,85,5/21/15,Blk3,4.90213643,5.29,39.62,60.31,54.12,110.458303
2015,MD,Beltsville,Barley,P919,86,5/21/15,Blk4,8.075616805,5.99,34.62,51.76,57.32,137.4902997
2015,MD,Beltsville,Barley,Thoroughbred,86,5/21/15,Blk1,3.617848147,7.27,32.87,51.94,58.18,146.6731799
2015,MD,Beltsville,Barley,Thoroughbred,85,5/21/15,Blk2,4.806016108,6.32,34.13,54.14,56.78,137.7423406
2015,MD,Beltsville,Barley,Thoroughbred,85,5/21/15,Blk3,6.042495854,6.85,35.24,54.73,54.53,129.5238856
2015,MD,Beltsville,Barley,Thoroughbred,84,5/21/15,Blk4,7.491849403,6.36,36.49,56.69,54.65,125.4243041
2015,MD,Beltsville,Cereal.rye,Huron,70,5/21/15,Blk1,4.612768968,5.14,49.24,76.8,48.32,69.96946817
2015,MD,Beltsville,Cereal.rye,Huron,70,5/21/15,Blk2,4.026988576,5.74,47.45,74.94,48.14,75.18616869
2015,MD,Beltsville,Cereal.rye,Huron,70,5/21/15,Blk3,4.802996621,5.93,48.4,76.22,48.37,72.59138156
2015,MD,Beltsville,Cereal.rye,Huron,71,5/21/15,Blk4,6.102382338,5.06,48.67,75.86,48.58,70.60123354
2015,MD,Beltsville,Cereal.rye,Spooner,71,5/21/15,Blk1,7.064088807,5.35,49.35,75.72,46.95,70.67652213
2015,MD,Beltsville,Cereal.rye,Spooner,72,5/21/15,Blk2,4.149781029,5.15,50.35,77.35,44.46,59.60264161
2015,MD,Beltsville,Cereal.rye,Spooner,71,5/21/15,Blk3,7.126491529,5.27,49.44,75.47,44.58,64.95426646
2015,MD,Beltsville,Cereal.rye,Spooner,71,5/21/15,Blk4,4.445690712,5.19,49.49,75.66,45.28,64.84348008
2015,MD,Beltsville,Cereal.rye,Aroostook,80,5/21/15,Blk1,6.022365944,4.39,49.58,73.53,44.44,65.01465667
2015,MD,Beltsville,Cereal.rye,Aroostook,82,5/21/15,Blk2,6.716847853,4.4,49.32,73,45.77,66.97487714
2015,MD,Beltsville,Cereal.rye,Aroostook,81,5/21/15,Blk3,6.753584939,4.31,49.86,73.84,43.57,63.01988773
2015,MD,Beltsville,Cereal.rye,Aroostook,80,5/21/15,Blk4,6.918146957,6.02,43.66,68.11,51.44,96.83983047
2015,MD,Beltsville,Cereal.rye,LakeviewVNS,75,5/21/15,Blk1,6.046521836,5.25,48.14,73.86,50.52,81.27149685
2015,MD,Beltsville,Cereal.rye,LakeviewVNS,73,5/21/15,Blk2,5.2010656,4.96,49.2,75.97,48.81,71.66615067
2015,MD,Beltsville,Cereal.rye,LakeviewVNS,77,5/21/15,Blk3,8.255276255,5.18,48.68,74.25,47.52,70.03368569
2015,MD,Beltsville,Cereal.rye,LakeviewVNS,71,5/21/15,Blk4,4.468840109,4.84,49.13,75.41,46.9,67.03550051
2015,MD,Beltsville,Triticale,TriCal815,72,5/21/15,Blk1,4.909685147,6.12,44.91,69.89,48.67,87.6169141
2015,MD,Beltsville,Triticale,TriCal815,71,5/21/15,Blk2,5.970531425,5.86,43.17,67.21,52.29,100.0512452
2015,MD,Beltsville,Triticale,TriCal815,72,5/21/15,Blk3,5.245351402,6.41,44.65,69.61,49.43,88.81305184
2015,MD,Beltsville,Triticale,TriCal815,71,5/21/15,Blk4,3.517701842,5.97,43.57,67.41,48.81,89.11051056
2015,MD,Beltsville,Triticale,TriCal718,70,5/21/15,Blk1,5.18294868,7.23,46.78,73.69,49.73,82.94975404
2015,MD,Beltsville,Triticale,TriCal718,70,5/21/15,Blk2,8.816397507,5.43,47.42,73.85,48.98,79.54900546
2015,MD,Beltsville,Triticale,TriCal718,72,5/21/15,Blk3,6.996653607,7.07,46.01,71.5,47.73,80.8649049
2015,MD,Beltsville,Triticale,TriCal718,72,5/21/15,Blk4,6.700743924,6.27,46.63,72.98,48.86,80.31579148
2015,MD,Beltsville,Triticale,NE426GT,72,5/21/15,Blk1,8.2452113,5.69,42.91,65.93,49.46,92.84913657
2015,MD,Beltsville,Triticale,NE426GT,73,5/21/15,Blk2,4.762736801,5.5,41.42,63.39,50.19,100.7384237
2015,MD,Beltsville,Triticale,NE426GT,72,5/21/15,Blk3,6.171830529,4.81,48.67,72.53,45.16,69.4301654
2015,MD,Beltsville,Triticale,NE426GT,72,5/21/15,Blk4,4.189034354,6.25,41.05,63.41,51.26,103.473737
2015,MD,Beltsville,Triticale,TriMark099,76,5/21/15,Blk1,4.379765255,6.09,40.76,63.32,52.86,107.3924494
2015,MD,Beltsville,Triticale,TriMark099,73,5/21/15,Blk2,5.025935379,5.98,41.56,63.44,49.02,100.3037685
2015,MD,Beltsville,Triticale,TriMark099,73,5/21/15,Blk3,4.833694735,6.68,42.73,65.88,49.37,95.22474048
2015,MD,Beltsville,Triticale,TriMark099,74,5/21/15,Blk4,5.128094674,6.07,42.97,66.56,48.33,92.60513798